Moon Y.J,Choi M
Moon Y.J,Armstrong D.J.
Choi M,Armstrong D.J.
Stokes B,Williams D.
Rehm M,Littlejohn A
Rehm M,Rienties B.
Littlejohn A,Rienties B.
Guo S,Guo X
Guo S,Zhang X
Guo S,Vogel D.
Guo X,Zhang X
Guo X,Vogel D.
Zhang X,Vogel D.
Tina Yuan C.W,Hanrahan B.V
Tina Yuan C.W,Carroll J.M.
Hanrahan B.V,Carroll J.M.
Tan W.-K,Hsiao Y.-J
Tan W.-K,Tseng S.-F
Tan W.-K,Chan C.-L.
Hsiao Y.-J,Tseng S.-F
Hsiao Y.-J,Chan C.-L.
Tseng S.-F,Chan C.-L.
Wu I.-L,Chiu M.-L.
Lim T.T,Jung S.Y
Lim T.T,Kim E.
Jung S.Y,Kim E.
Guan T,Wang L
Guan T,Jin J
Guan T,Song X.
Wang L,Jin J
Wang L,Song X.
Jin J,Song X.
Metzger M.J,Wilson C
Metzger M.J,Zhao B.Y.
Wilson C,Zhao B.Y.
Wang L,Huang M
Wang L,Liu M.
Huang M,Liu M.
Zimmermann A,Oshri I
Zimmermann A,Lioliou E
Zimmermann A,Gerbasi A.
Oshri I,Lioliou E
Oshri I,Gerbasi A.
Lioliou E,Gerbasi A.
Aldana-Bernal J.C,Bernal-Torres C.A.
Perry R,Drachen A
Perry R,Kearney A
Perry R,Kriglstein S
Perry R,Nacke L.E
Perry R,Sifa R
Perry R,Wallner G
Perry R,Johnson D.
Drachen A,Kearney A
Drachen A,Kriglstein S
Drachen A,Nacke L.E
Drachen A,Sifa R
Drachen A,Wallner G
Drachen A,Johnson D.
Kearney A,Kriglstein S
Kearney A,Nacke L.E
Kearney A,Sifa R
Kearney A,Wallner G
Kearney A,Johnson D.
Kriglstein S,Nacke L.E
Kriglstein S,Sifa R
Kriglstein S,Wallner G
Kriglstein S,Johnson D.
Nacke L.E,Sifa R
Nacke L.E,Wallner G
Nacke L.E,Johnson D.
Sifa R,Wallner G
Sifa R,Johnson D.
Wallner G,Johnson D.
Qi J,Monod E
Qi J,Fang B
Qi J,Deng S.
Monod E,Fang B
Monod E,Deng S.
Fang B,Deng S.
Ghasemian F,Zamanifar K
Ghasemian F,Ghasem-Aghaee N.
Zamanifar K,Ghasem-Aghaee N.
Fan H,Lederman R.
Soreshjani N.H,Safari Y
Soreshjani N.H,Rezaei B.
Safari Y,Rezaei B.
Joksimović S,Dowell N
Joksimović S,Poquet O
Joksimović S,Kovanović V
Joksimović S,Gašević D
Joksimović S,Dawson S
Joksimović S,Graesser A.C.
Dowell N,Poquet O
Dowell N,Kovanović V
Dowell N,Gašević D
Dowell N,Dawson S
Dowell N,Graesser A.C.
Poquet O,Kovanović V
Poquet O,Gašević D
Poquet O,Dawson S
Poquet O,Graesser A.C.
Kovanović V,Gašević D
Kovanović V,Dawson S
Kovanović V,Graesser A.C.
Gašević D,Dawson S
Gašević D,Graesser A.C.
Dawson S,Graesser A.C.
Jo D.H,Park J.W.
Alaa A.M,Ahuja K
Alaa A.M,Van Der Schaar M.
Ahuja K,Van Der Schaar M.
Choi B,Wu Y
Choi B,Yu J
Choi B,Land L.
Wu Y,Yu J
Wu Y,Land L.
Yu J,Land L.
Li X,Cox A
Li X,Wang Z.
Cox A,Wang Z.
Chang H.H,Wong K.H
Chang H.H,Eng C.J
Chang H.H,Chen S.-H.
Wong K.H,Eng C.J
Wong K.H,Chen S.-H.
Eng C.J,Chen S.-H.
Chadwick D.D,Fullwood C.
Fauzi M.A,Nya-Ling C.T
Fauzi M.A,Thurasamy R
Fauzi M.A,Ojo A.O.
Nya-Ling C.T,Thurasamy R
Nya-Ling C.T,Ojo A.O.
Thurasamy R,Ojo A.O.
Dutta N,Bhat A.K.
Meekaew N,Ayuwat D.
Poon L.K.M,Liu A.H
Poon L.K.M,Zhang N.L.
Liu A.H,Zhang N.L.
Kamboj S,Kumar V
Kamboj S,Rahman Z.
Kumar V,Rahman Z.
Church E.M,Thambusamy R
Church E.M,Nemati H.
Thambusamy R,Nemati H.
Hayat T.Z,Lesser O
Hayat T.Z,Samuel-Azran T.
Lesser O,Samuel-Azran T.
Ortiz J,Chang S.-H
Ortiz J,Chih W.-H
Ortiz J,Wang C.-H.
Chang S.-H,Chih W.-H
Chang S.-H,Wang C.-H.
Chih W.-H,Wang C.-H.
Prasetio A,Hurriyati R
Prasetio A,Sari P.K
Prasetio A,Sary F.P.
Hurriyati R,Sari P.K
Hurriyati R,Sary F.P.
Sari P.K,Sary F.P.
Zainoddin A.I,Amran A
Zainoddin A.I,Shaharudin M.R.
Amran A,Shaharudin M.R.
Wilden R,Akaka M.A
Wilden R,Karpen I.O
Wilden R,Hohberger J.
Akaka M.A,Karpen I.O
Akaka M.A,Hohberger J.
Karpen I.O,Hohberger J.
Hung S.-Y,Lai H.-M
Hung S.-Y,Yen D.C
Hung S.-Y,Chen C.-Y.
Lai H.-M,Yen D.C
Lai H.-M,Chen C.-Y.
Yen D.C,Chen C.-Y.
Zhang B,Wang X.
Chen H.-T,Li X.
Shiau W.-L,Dwivedi Y.K
Shiau W.-L,Yang H.S.
Dwivedi Y.K,Yang H.S.
Kaye L.K,Kowert R
Kaye L.K,Quinn S.
Kowert R,Quinn S.
Yuan C.W.T,Fussell S.R.
French A.M,Luo X.R
French A.M,Bose R.
Luo X.R,Bose R.
Khastar H,Attar M.R.S
Khastar H,Ghorbanifar M.
Attar M.R.S,Ghorbanifar M.
Rost K,Teichert T
Rost K,Pilkington A.
Teichert T,Pilkington A.
Jo D.H,Park J.W.
Rosales Sánchez C,Craglia M
Rosales Sánchez C,Bregt A.K.
Craglia M,Bregt A.K.
Kim B,Kim Y.
Sung H.-T,Sigerson L
Sung H.-T,Cheng C.
Sigerson L,Cheng C.
Purwani T,Nurcholis L.
Ridzuan A.R,Bakar A.A
Ridzuan A.R,Latif D.I.A
Ridzuan A.R,Ismail S
Ridzuan A.R,Alias N.E
Ridzuan A.R,Othman R
Ridzuan A.R,Loon K.W
Ridzuan A.R,Ilyas I.Y.
Bakar A.A,Latif D.I.A
Bakar A.A,Ismail S
Bakar A.A,Alias N.E
Bakar A.A,Othman R
Bakar A.A,Loon K.W
Bakar A.A,Ilyas I.Y.
Latif D.I.A,Ismail S
Latif D.I.A,Alias N.E
Latif D.I.A,Othman R
Latif D.I.A,Loon K.W
Latif D.I.A,Ilyas I.Y.
Ismail S,Alias N.E
Ismail S,Othman R
Ismail S,Loon K.W
Ismail S,Ilyas I.Y.
Alias N.E,Othman R
Alias N.E,Loon K.W
Alias N.E,Ilyas I.Y.
Othman R,Loon K.W
Othman R,Ilyas I.Y.
Loon K.W,Ilyas I.Y.
Srivastav G,Gupta A.
Su C.C,Chan N.K.
Phua J,Jin S.V
Phua J,Kim J.J.
Jin S.V,Kim J.J.
Huang L.V,Liu P.L.
Jih W.-J,Lee S.-F.
Diep N.A,Cocquyt C
Diep N.A,Zhu C
Diep N.A,Vanwing T
Diep N.A,de Greef M.
Cocquyt C,Zhu C
Cocquyt C,Vanwing T
Cocquyt C,de Greef M.
Zhu C,Vanwing T
Zhu C,de Greef M.
Vanwing T,de Greef M.
Aten K,DiRenzo M
Aten K,Shatnawi D.
DiRenzo M,Shatnawi D.
Alletto A,Bruccoleri M
Alletto A,Mazzola E
Alletto A,Ramanathan U.
Bruccoleri M,Mazzola E
Bruccoleri M,Ramanathan U.
Mazzola E,Ramanathan U.
Raza S.A,Qazi W
Raza S.A,Umer A.
Qazi W,Umer A.
Jang J,Hessel H
Jang J,Dworkin J.
Hessel H,Dworkin J.
Šmite D,Moe N.B
Šmite D,Šāblis A
Šmite D,Wohlin C.
Moe N.B,Šāblis A
Moe N.B,Wohlin C.
Šāblis A,Wohlin C.
Bouchillon B.C,Gotlieb M.R.
Makate C,Makate M
Makate C,Mango N.
Makate M,Mango N.
Imani Giglou R,dHaenens L
Imani Giglou R,Ogan C.
dHaenens L,Ogan C.
Kang L,Jiang Q
Kang L,Tan C.-H.
Jiang Q,Tan C.-H.
Yoo J.H,Jeong E.J.
Davel R,Du Toit A.S.A
Davel R,Mearns M.M.
Du Toit A.S.A,Mearns M.M.
Sander T,Sloka B
Sander T,Puke I.
Sloka B,Puke I.
Guo W,Liang R.-Y
Guo W,Wang L
Guo W,Peng W.
Liang R.-Y,Wang L
Liang R.-Y,Peng W.
Wang L,Peng W.
Liang K,Jiang C
Liang K,Lin Z
Liang K,Ning W
Liang K,Jia Z.
Jiang C,Lin Z
Jiang C,Ning W
Jiang C,Jia Z.
Lin Z,Ning W
Lin Z,Jia Z.
Ning W,Jia Z.
Dhir A,Kaur P
Dhir A,Lonka K
Dhir A,Tsai C.-C.
Kaur P,Lonka K
Kaur P,Tsai C.-C.
Lonka K,Tsai C.-C.
Kim Y.-Y,Kim M.-H.
Hallam C,Zanella G.
Su Y,Chen F.
Chen X,Huang Q
Chen X,Davison R.M.
Huang Q,Davison R.M.
Reer F,Krämer N.C.
Vargo C.J,Hopp T.
Fu P.-W,Wu C.-C
Fu P.-W,Cho Y.-J.
Wu C.-C,Cho Y.-J.
Wang S,Zhou H
Wang S,Dong B.
Zhou H,Dong B.
Khoir S,Du J.T
Khoir S,Davison R.M
Khoir S,Koronios A.
Du J.T,Davison R.M
Du J.T,Koronios A.
Davison R.M,Koronios A.
Sheer V.C,Rice R.E.
Chen R,Sharma S.K
Chen R,Rao H.R.
Sharma S.K,Rao H.R.
Nabi M.N.U,Khan E.A
Nabi M.N.U,Hasan S.M
Nabi M.N.U,Mahmud A.
Khan E.A,Hasan S.M
Khan E.A,Mahmud A.
Hasan S.M,Mahmud A.
Huang Q,Chen X
Huang Q,Ou C.X
Huang Q,Davison R.M
Huang Q,Hua Z.
Chen X,Ou C.X
Chen X,Davison R.M
Chen X,Hua Z.
Ou C.X,Davison R.M
Ou C.X,Hua Z.
Davison R.M,Hua Z.
Sulaeman E.S,Reviono Hartanto R
Sulaeman E.S,Murti B
Sulaeman E.S,Fanani M.
Reviono Hartanto R,Murti B
Reviono Hartanto R,Fanani M.
Murti B,Fanani M.
Sun Y,Shang R.-A.
Widjaja A.E,Chen J.V
Widjaja A.E,Ha Q.-A
Widjaja A.E,Lin B.
Chen J.V,Ha Q.-A
Chen J.V,Lin B.
Ha Q.-A,Lin B.
Balog A,Pribeanu C.
Ha T,Han S
Ha T,Lee S
Ha T,Kim J.H.
Han S,Lee S
Han S,Kim J.H.
Lee S,Kim J.H.
Sinclair T.J,Grieve R.
Zimmer J.C,Henry R.M.
Neureiter K,Bruckenberger U
Neureiter K,Krischkowsky A
Neureiter K,Tscheligi M.
Bruckenberger U,Krischkowsky A
Bruckenberger U,Tscheligi M.
Krischkowsky A,Tscheligi M.
Bao Z,Huang T.
Sander T,Sloka B
Sander T,Kalkis H.
Sloka B,Kalkis H.
Yasin N.M,Quoquab F
Yasin N.M,Kamarudin S
Yasin N.M,Mohammad J.
Quoquab F,Kamarudin S
Quoquab F,Mohammad J.
Kamarudin S,Mohammad J.
Sulaeman E.S,Karsidi R
Sulaeman E.S,Murti B
Sulaeman E.S,Kartono D.T.
Karsidi R,Murti B
Karsidi R,Kartono D.T.
Murti B,Kartono D.T.
Pearce K.E,Rice R.E.
Aji B,Masfiah S
Aji B,Harwanti S
Aji B,Ulfah N
Aji B,Minh H.V.
Masfiah S,Harwanti S
Masfiah S,Ulfah N
Masfiah S,Minh H.V.
Harwanti S,Ulfah N
Harwanti S,Minh H.V.
Ulfah N,Minh H.V.
Hashim M.J,Osman I
Hashim M.J,Alhabshi S.M.
Osman I,Alhabshi S.M.
McNicol S,Aillerie K.
Chang H.H,Huang C.Y
Chang H.H,Fu C.S
Chang H.H,Hsu M.T.
Huang C.Y,Fu C.S
Huang C.Y,Hsu M.T.
Fu C.S,Hsu M.T.
Premarathne H.D.P,Kulatunga A.K
Premarathne H.D.P,Ekanayake S.B
Premarathne H.D.P,Miyanadeniya D.M.W.S.B.
Kulatunga A.K,Ekanayake S.B
Kulatunga A.K,Miyanadeniya D.M.W.S.B.
Ekanayake S.B,Miyanadeniya D.M.W.S.B.
de Kervenoael R,Schwob A
de Kervenoael R,Palmer M
de Kervenoael R,Simmons G.
Schwob A,Palmer M
Schwob A,Simmons G.
Palmer M,Simmons G.
Chalklen C,Anderson H.
Brajawidagda U,Reddick C.G
Brajawidagda U,Chatfield A.T.
Reddick C.G,Chatfield A.T.
Cabitza F,Locoro A.
Choi J,Kim H.J.
Zhao J,Ha S
Zhao J,Widdows R.
Ha S,Widdows R.
Kim M.J,Lee C.-K
Kim M.J,Preis M.W.
Lee C.-K,Preis M.W.
Chen H,Beaudoin C.E
Chen H,Hong T.
Beaudoin C.E,Hong T.
Fisher M,Boland R
Fisher M,Jr
Fisher M,Lyytinen K.
Boland R,Jr
Boland R,Lyytinen K.
Jr,Lyytinen K.
Gupta P.D,Bhattacharya S.
Chang H.H,Tsai Y.-C
Chang H.H,Fu C.-S
Chang H.H,Chen S.-H
Chang H.H,De Peng Y.
Tsai Y.-C,Fu C.-S
Tsai Y.-C,Chen S.-H
Tsai Y.-C,De Peng Y.
Fu C.-S,Chen S.-H
Fu C.-S,De Peng Y.
Chen S.-H,De Peng Y.
Gibbons J,Schiaffino M.K.
Chumg H.-F,Seaton J
Chumg H.-F,Cooke L
Chumg H.-F,Ding W.-Y.
Seaton J,Cooke L
Seaton J,Ding W.-Y.
Cooke L,Ding W.-Y.
Wang T,Yeh R.K.-J
Wang T,Chen C
Wang T,Tsydypov Z.
Yeh R.K.-J,Chen C
Yeh R.K.-J,Tsydypov Z.
Chen C,Tsydypov Z.
Heirman W,Walrave M
Heirman W,Vermeulen A
Heirman W,Ponnet K
Heirman W,Vandebosch H
Heirman W,Hardies K.
Walrave M,Vermeulen A
Walrave M,Ponnet K
Walrave M,Vandebosch H
Walrave M,Hardies K.
Vermeulen A,Ponnet K
Vermeulen A,Vandebosch H
Vermeulen A,Hardies K.
Ponnet K,Vandebosch H
Ponnet K,Hardies K.
Vandebosch H,Hardies K.
Yang X,Li G.
Rodriguez Miramontes J,Gonzalez-Brambila C.N.
Barber W,King S.
Wan J,Meig U.
Weiqin E.L,Campbell M
Weiqin E.L,Kimpton M
Weiqin E.L,Wozencroft K
Weiqin E.L,Orel A.
Campbell M,Kimpton M
Campbell M,Wozencroft K
Campbell M,Orel A.
Kimpton M,Wozencroft K
Kimpton M,Orel A.
Wozencroft K,Orel A.
Diep N.A,Cocquyt C
Diep N.A,Zhu C
Diep N.A,Vanwing T.
Cocquyt C,Zhu C
Cocquyt C,Vanwing T.
Zhu C,Vanwing T.
Tsatsou P,Zhao Y.
Liu L,Cheung C.M.K
Liu L,Lee M.K.O.
Cheung C.M.K,Lee M.K.O.
Chen R,Sharma S.K
Chen R,Raghav Rao H.
Sharma S.K,Raghav Rao H.
Son J.-E,Lee S.-H
Son J.-E,Cho E.-Y
Son J.-E,Kim H.-W.
Lee S.-H,Cho E.-Y
Lee S.-H,Kim H.-W.
Cho E.-Y,Kim H.-W.
Motta V.G.C.P,Tostes V.M.L.
Chang C.-M,Hsu M.-H.
Spiegel O,Abbassi P
Spiegel O,Zylka M.P
Spiegel O,Schlagwein D
Spiegel O,Fischbach K
Spiegel O,Schoder D.
Abbassi P,Zylka M.P
Abbassi P,Schlagwein D
Abbassi P,Fischbach K
Abbassi P,Schoder D.
Zylka M.P,Schlagwein D
Zylka M.P,Fischbach K
Zylka M.P,Schoder D.
Schlagwein D,Fischbach K
Schlagwein D,Schoder D.
Fischbach K,Schoder D.
Díaz P,Carroll J.M
Díaz P,Aedo I.
Carroll J.M,Aedo I.
Stipancic T,Jerbic B
Stipancic T,Curkovic P.
Jerbic B,Curkovic P.
Lefebvre V.M,Sorenson D
Lefebvre V.M,Henchion M
Lefebvre V.M,Gellynck X.
Sorenson D,Henchion M
Sorenson D,Gellynck X.
Henchion M,Gellynck X.
Hau Y.S,Kang M.
Papathanassopoulos S,Athanasiadis E
Papathanassopoulos S,Xenofontos M.
Athanasiadis E,Xenofontos M.
Bannan B,Cook J
Bannan B,Pachler N.
Cook J,Pachler N.
Huang S.-L,Lin S.-C
Huang S.-L,Hsieh R.-J.
Lin S.-C,Hsieh R.-J.
Popa S.A,Theocharis Y
Popa S.A,Schnaudt C.
Theocharis Y,Schnaudt C.
Levordashka A,Utz S.
Yang J,Sia C.L
Yang J,Liu L
Yang J,Chen H.
Sia C.L,Liu L
Sia C.L,Chen H.
Liu L,Chen H.
Gao S,Guo Y
Gao S,Chen J
Gao S,Li L.
Guo Y,Chen J
Guo Y,Li L.
Chen J,Li L.
Chen H,Beaudoin C.E.
Hamzah M.S,Abdullah H.
Dorasamy M,Alawanthan D
Dorasamy M,Raman M
Dorasamy M,Kaliannan M.
Alawanthan D,Raman M
Alawanthan D,Kaliannan M.
Raman M,Kaliannan M.
Liou D.-K,Chih W.-H
Liou D.-K,Hsu L.-C
Liou D.-K,Huang C.-Y.
Chih W.-H,Hsu L.-C
Chih W.-H,Huang C.-Y.
Hsu L.-C,Huang C.-Y.
Sugiyama L,Pathumcharoenwattana W
Sugiyama L,Burasirirak S
Sugiyama L,Santiparp P.
Pathumcharoenwattana W,Burasirirak S
Pathumcharoenwattana W,Santiparp P.
Burasirirak S,Santiparp P.
Ahmad S,Mustafa M
Ahmad S,Ullah A.
Mustafa M,Ullah A.
Lee S,Chung J.E
Lee S,Park N.
Chung J.E,Park N.
Ho T.-K,Lin Y.-T.
Croom C,Gross B
Croom C,Rosen L.D
Croom C,Rosen B.
Gross B,Rosen L.D
Gross B,Rosen B.
Rosen L.D,Rosen B.
Zhao X,Tang Q
Zhao X,Liu S
Zhao X,Liu F.
Tang Q,Liu S
Tang Q,Liu F.
Liu S,Liu F.
Kwahk K.-Y,Park D.-H.
Lönnqvist J.-E,Große Deters F.
Yang H.C,DeHart J.L.
Casquero O,Ovelar R
Casquero O,Romo J
Casquero O,Benito M
Casquero O,Alberdi M.
Ovelar R,Romo J
Ovelar R,Benito M
Ovelar R,Alberdi M.
Romo J,Benito M
Romo J,Alberdi M.
Benito M,Alberdi M.
Bacishoga K.B,Hooper V.A
Bacishoga K.B,Johnston K.A.
Hooper V.A,Johnston K.A.
Chen X,Zhou L
Chen X,Wan D.
Zhou L,Wan D.
Gu J,Xie F
Gu J,Wang X.
Xie F,Wang X.
Atemnkeng J.T,Vukenkeng A.W.
Han J,Hovav A.
Chang H.H,Hsieh P.-H
Chang H.H,Fu C.S.
Hsieh P.-H,Fu C.S.
Liu H,Ke W
Liu H,Wei K.K
Liu H,Lu Y.
Ke W,Wei K.K
Ke W,Lu Y.
Wei K.K,Lu Y.
Franchi E,Poggi A
Franchi E,Tomaiuolo M.
Poggi A,Tomaiuolo M.
Omotayo F.O,Babalola S.O.
Piwek L,Joinson A.
Thapa D,Sæbø Ø.
Baker M.B,M.Yusof Z.
Buchanan S,Tuckerman L.
Kabiawu O,Van Belle J.-P
Kabiawu O,Adeyeye M.
Van Belle J.-P,Adeyeye M.
Cabitza F,Scramaglia R
Cabitza F,Cornetta D
Cabitza F,Simone C.
Scramaglia R,Cornetta D
Scramaglia R,Simone C.
Cornetta D,Simone C.
Yang X,Zhang X
Yang X,Gallagher K.P.
Zhang X,Gallagher K.P.
Burmeister O.K,Marks E.
Rayes W,Martin-Hammond A
Rayes W,Komlodi A
Rayes W,Caidi N
Rayes W,Sundin N.
Martin-Hammond A,Komlodi A
Martin-Hammond A,Caidi N
Martin-Hammond A,Sundin N.
Komlodi A,Caidi N
Komlodi A,Sundin N.
Caidi N,Sundin N.
Ryabchenko N.A,Gnedash A.A.
Tawalbeh L.A,Basalamah A
Tawalbeh L.A,Mehmood R
Tawalbeh L.A,Tawalbeh H.
Basalamah A,Mehmood R
Basalamah A,Tawalbeh H.
Mehmood R,Tawalbeh H.
Musto C,Semeraro G
Musto C,Lops P
Musto C,Gemmis M.D.
Semeraro G,Lops P
Semeraro G,Gemmis M.D.
Lops P,Gemmis M.D.
Pieper A.K,Pieper M.
Li N,Guo X
Li N,Chen G
Li N,Luo N.
Guo X,Chen G
Guo X,Luo N.
Chen G,Luo N.
Tseng F.-C,Huang H.-C
Tseng F.-C,Teng C.-I.
Huang H.-C,Teng C.-I.
Lee S.K,Katz J.E.
Jin J,Li Y
Jin J,Zhong X
Jin J,Zhai L.
Li Y,Zhong X
Li Y,Zhai L.
Zhong X,Zhai L.
Chen Y.-C,Wu J.-H
Chen Y.-C,Peng L
Chen Y.-C,Yeh R.C.
Wu J.-H,Peng L
Wu J.-H,Yeh R.C.
Peng L,Yeh R.C.
Chan E.Y,Saqib N.U.
Wang C.-H,Yen C.-D
Wang C.-H,Liu G.H.W.
Yen C.-D,Liu G.H.W.
Grieve R,Kemp N.
Akhavan P,Hosseini S.M
Akhavan P,Abbasi M
Akhavan P,Manteghi M.
Hosseini S.M,Abbasi M
Hosseini S.M,Manteghi M.
Abbasi M,Manteghi M.
Liu G.H.W,Wang E
Liu G.H.W,Huang Chua C.E.
Wang E,Huang Chua C.E.
Cheng J.W,Mitomo H
Cheng J.W,Otsuka T
Cheng J.W,Jeon S.Y.
Mitomo H,Otsuka T
Mitomo H,Jeon S.Y.
Otsuka T,Jeon S.Y.
Easton G.S,Rosenzweig E.D.
Öztok M,Zingaro D
Öztok M,Makos A
Öztok M,Brett C
Öztok M,Hewitt J.
Zingaro D,Makos A
Zingaro D,Brett C
Zingaro D,Hewitt J.
Makos A,Brett C
Makos A,Hewitt J.
Brett C,Hewitt J.
Shen C,Chen W.
Meng J,Williams D
Meng J,Shen C.
Williams D,Shen C.
Zhang F,Kaufman D.
Kim Y.-J,Kang H.-J.
Tan C.-H,Sutanto J
Tan C.-H,Tan B.C.Y.
Sutanto J,Tan B.C.Y.
Lee S,Park J.-G
Lee S,Lee J.
Park J.-G,Lee J.
Fetter S,Van Der Vegt W
Fetter S,Sloep P.
Van Der Vegt W,Sloep P.
Molyneux L,Vasudevan K
Molyneux L,Gil de Zúñiga H.
Vasudevan K,Gil de Zúñiga H.
Abidin W.Z,Uden L
Abidin W.Z,Alias R.A.
Uden L,Alias R.A.
Rui J.R,Covert J.M
Rui J.R,Stefanone M.A
Rui J.R,Mukherjee T.
Covert J.M,Stefanone M.A
Covert J.M,Mukherjee T.
Stefanone M.A,Mukherjee T.
Xu Y,Luo C
Xu Y,Chen D
Xu Y,Zheng H.
Luo C,Chen D
Luo C,Zheng H.
Chen D,Zheng H.
Basilisco R,Cha K.J.
Lioliou E,Zimmermann A.
Hinz O,Spann M
Hinz O,Hann I.-H.
Spann M,Hann I.-H.
Taghizadeh H,Shokri A.
Karoui M,Dudezert A
Karoui M,Leidner D.E.
Dudezert A,Leidner D.E.
González S.L,Valerio G
González S.L,Herrera D.
Valerio G,Herrera D.
Lee P.-Y,Kung C.-Y
Lee P.-Y,Joseph Li C.-S.
Kung C.-Y,Joseph Li C.-S.
Liu Z.-H,Min Q.-F
Liu Z.-H,Liu Z.-L.
Min Q.-F,Liu Z.-L.
Cao X,Guo X
Cao X,Liu H
Cao X,Gu J.
Guo X,Liu H
Guo X,Gu J.
Liu H,Gu J.
Bian M,Leung L.
Kobayashi T,Boase J
Kobayashi T,Suzuki T
Kobayashi T,Suzuki T.
Boase J,Suzuki T
Boase J,Suzuki T.
Suzuki T,Suzuki T.
Ali-Hassan H,Nevo D
Ali-Hassan H,Wade M.
Nevo D,Wade M.
Alsaggaf H,Quoquab F
Alsaggaf H,Sh Ahmad F.
Quoquab F,Sh Ahmad F.
Hope S,Figiel J.
Chung N,Nam K
Chung N,Koo C.
Nam K,Koo C.
Schlosser F,Beimborn D
Schlosser F,Weitzel T
Schlosser F,Wagner H.-T.
Beimborn D,Weitzel T
Beimborn D,Wagner H.-T.
Weitzel T,Wagner H.-T.
Moser C,Krischkowsky A
Moser C,Neureiter K
Moser C,Tscheligi M.
Krischkowsky A,Neureiter K
Krischkowsky A,Tscheligi M.
Neureiter K,Tscheligi M.
Faraj S,Kudaravalli S
Faraj S,Wasko M.
Kudaravalli S,Wasko M.
Shim H,Oh P
Shim H,Song H
Shim H,Lee Y.
Oh P,Song H
Oh P,Lee Y.
Song H,Lee Y.
Abbas R,Mesch G.S.
Pan Y,Xu Y
Pan Y,Wang X
Pan Y,Zhang C
Pan Y,Ling H
Pan Y,Lin J.
Xu Y,Wang X
Xu Y,Zhang C
Xu Y,Ling H
Xu Y,Lin J.
Wang X,Zhang C
Wang X,Ling H
Wang X,Lin J.
Zhang C,Ling H
Zhang C,Lin J.
Ling H,Lin J.
Ravindran K,Susarla A
Ravindran K,Mani D
Ravindran K,Gurbaxani V.
Susarla A,Mani D
Susarla A,Gurbaxani V.
Mani D,Gurbaxani V.
Ben-Ur J,Mai E
Ben-Ur J,Yang J.
Mai E,Yang J.
Sánchez-Franco M.J,Roldán J.L.
Wang Y.-J,Chen T.
De Sousa Mendes G.H,De Toledo J.C.
Mirabito A.M,Berry L.L.
Chen D,Lou H
Chen D,Van Slyke C.
Lou H,Van Slyke C.
Rohman A,Pang N.
Delgado-Verde M,Cooper S
Delgado-Verde M,Castro G.M.-D.
Cooper S,Castro G.M.-D.
Chen M,Qi X.
Alam K,Imran S.
Chen W,Lee K.-H
Chen W,Straubhaar J.D
Chen W,Spence J.
Lee K.-H,Straubhaar J.D
Lee K.-H,Spence J.
Straubhaar J.D,Spence J.
Liu H,Zhang J
Liu H,Liu R
Liu H,Li G.
Zhang J,Liu R
Zhang J,Li G.
Liu R,Li G.
Lee L.-Y,Kartika N.
Magsamen-Conrad K,Billotte-Verhoff C
Magsamen-Conrad K,Greene K.
Billotte-Verhoff C,Greene K.
Chumg H.-F,Cooke L
Chumg H.-F,Fry J
Chumg H.-F,Hung I.-H.
Cooke L,Fry J
Cooke L,Hung I.-H.
Fry J,Hung I.-H.
Schreurs B,De Laat M.
Wagner H.-T,Beimborn D
Wagner H.-T,Weitzel T.
Beimborn D,Weitzel T.
Maghrabi R.O,Oakley R.L
Maghrabi R.O,Nemati H.R.
Oakley R.L,Nemati H.R.
Huvila I,Ek S
Huvila I,Widén G.
Ek S,Widén G.
Chou H.-W,Lin Y.-H
Chou H.-W,Lu H.-S
Chou H.-W,Chang H.-H
Chou H.-W,Chou S.-B.
Lin Y.-H,Lu H.-S
Lin Y.-H,Chang H.-H
Lin Y.-H,Chou S.-B.
Lu H.-S,Chang H.-H
Lu H.-S,Chou S.-B.
Chang H.-H,Chou S.-B.
Yoo J,Choi S
Yoo J,Choi M
Yoo J,Rho J.
Choi S,Choi M
Choi S,Rho J.
Choi M,Rho J.
Zimmermann A,Ravishankar M.N.
Kim Y,Lee W.-N.
Hsu M.-H,Chang C.-M.
Li S.C,Choi T.H.
Wang X,Love P.E.D
Wang X,Kim M.J
Wang X,Wang W.
Love P.E.D,Kim M.J
Love P.E.D,Wang W.
Kim M.J,Wang W.
Ellison N.B,Vitak J
Ellison N.B,Gray R
Ellison N.B,Lampe C.
Vitak J,Gray R
Vitak J,Lampe C.
Gray R,Lampe C.
Lee E,Kim Y.J
Lee E,Ahn J.
Kim Y.J,Ahn J.
Li X,Chen W.
Liu D,Brown B.B.
Liu Y,Venkatanathan J
Liu Y,Goncalves J
Liu Y,Karapanos E
Liu Y,Kostakos V.
Venkatanathan J,Goncalves J
Venkatanathan J,Karapanos E
Venkatanathan J,Kostakos V.
Goncalves J,Karapanos E
Goncalves J,Kostakos V.
Karapanos E,Kostakos V.
Abbasi A,Wigand R.T
Abbasi A,Hossain L.
Wigand R.T,Hossain L.
Kolade O,Harpham T.
Zheng H,Li D
Zheng H,Wu J
Zheng H,Xu Y.
Li D,Wu J
Li D,Xu Y.
Wu J,Xu Y.
Kim Y.-Y,Kim M.-H
Kim Y.-Y,Oh S.
Kim M.-H,Oh S.
Xu J.J,Chau M
Xu J.J,Tan B.C.Y.
Chau M,Tan B.C.Y.
Beynon M.J,Andrews R.
Jang J,Dworkin J.
Shen Y,Wu B.
Lin K.-Y,Lu H.-P.
Li G,Yang X
Li G,Huang S.
Yang X,Huang S.
Guo Y,Li Y
Guo Y,Ito N.
Li Y,Ito N.
Li J.-H,Huang Q.-B
Li J.-H,Lin L.
Huang Q.-B,Lin L.
Yuan B,Liu W.-X
Yuan B,Zhang P.-C.
Liu W.-X,Zhang P.-C.
Reer F,Krämer N.C.
Beynon M.J,Andrews R.
Subbian K,Sharma D
Subbian K,Wen Z
Subbian K,Srivastava J.
Sharma D,Wen Z
Sharma D,Srivastava J.
Wen Z,Srivastava J.
Leber M,Weber C
Leber M,Adam F
Leber M,Leber M.
Weber C,Adam F
Weber C,Leber M.
Adam F,Leber M.
Chou H.-W,Chang H.-H
Chou H.-W,Lin Y.-H
Chou H.-W,Chou S.-B.
Chang H.-H,Lin Y.-H
Chang H.-H,Chou S.-B.
Lin Y.-H,Chou S.-B.
OConnor L.G,Dillingham L.L.
Sun Y,Liu L
Sun Y,Peng X
Sun Y,Dong Y
Sun Y,Barnes S.J.
Liu L,Peng X
Liu L,Dong Y
Liu L,Barnes S.J.
Peng X,Dong Y
Peng X,Barnes S.J.
Dong Y,Barnes S.J.
Khan M.L,Wohn D.Y
Khan M.L,Ellison N.B.
Wohn D.Y,Ellison N.B.
Mehta N,Hall D
Mehta N,Byrd T.
Hall D,Byrd T.
Rice E,Barman-Adhikari A.
Kashyap P,Visvanathan C.
Lee M.R,Yen D.C
Lee M.R,Hsiao C.Y.
Yen D.C,Hsiao C.Y.
Lu H.-P,Yang Y.-W.
Moe N.B,Šmite D
Moe N.B,Hanssen G.K
Moe N.B,Barney H.
Šmite D,Hanssen G.K
Šmite D,Barney H.
Hanssen G.K,Barney H.
Mazzoni E,Zanazzi L.
Viol J,Durst C.
Wan L.-Y,Deng L
Wan L.-Y,Zheng X.-L.
Deng L,Zheng X.-L.
Domahidi E,Festl R
Domahidi E,Quandt T.
Festl R,Quandt T.
Benson V,Morgan S
Benson V,Filippaios F.
Morgan S,Filippaios F.
Zhang T,Tang M
Zhang T,Lu Y
Zhang T,Dong D.
Tang M,Lu Y
Tang M,Dong D.
Lu Y,Dong D.
Xiao Q,Zhuang W
Xiao Q,Hsu M.K.
Zhuang W,Hsu M.K.
Popovic T,Kraslawski A
Popovic T,Heiduschke R
Popovic T,Repke J.-U.
Kraslawski A,Heiduschke R
Kraslawski A,Repke J.-U.
Heiduschke R,Repke J.-U.
Gao S,Guo Y
Gao S,Chen J.
Guo Y,Chen J.
Wiltshier P,Edwards M.
Lee H,Kim M.S
Lee H,Kim K.K.
Kim M.S,Kim K.K.
Hassani-Mahmooei B,Parris B.W.
You D.-M,Ma B.-L.
Badar K,Hite J.M
Badar K,Badir Y.F.
Hite J.M,Badir Y.F.
Vanwynsberghe H,Boudry E
Vanwynsberghe H,Vanderlinde R
Vanwynsberghe H,Verdegem P.
Boudry E,Vanderlinde R
Boudry E,Verdegem P.
Vanderlinde R,Verdegem P.
Rad M.S,Dahlan H.M
Rad M.S,Iahad N.A
Rad M.S,Nilashi M
Rad M.S,Zakaria R.
Dahlan H.M,Iahad N.A
Dahlan H.M,Nilashi M
Dahlan H.M,Zakaria R.
Iahad N.A,Nilashi M
Iahad N.A,Zakaria R.
Nilashi M,Zakaria R.
Dugundji E.R,Poorthuis A
Dugundji E.R,Michiel M.V.
Poorthuis A,Michiel M.V.
Carceller C,Dawson S
Carceller C,Lockyer L.
Dawson S,Lockyer L.
Neutens T,Vyncke V
Neutens T,De Winter D
Neutens T,Willems S.
Vyncke V,De Winter D
Vyncke V,Willems S.
De Winter D,Willems S.
Salas-Fumás V,Sanchez-Asin J.J.
Zahir Irani P,Razzaque A
Zahir Irani P,Eldabi T
Zahir Irani P,Jalal-Karim A.
Razzaque A,Eldabi T
Razzaque A,Jalal-Karim A.
Eldabi T,Jalal-Karim A.
Xiang C,Lu Y
Xiang C,Gupta S.
Lu Y,Gupta S.
Choi G,Chung H.
Fulk J,Yuan Y.C.
Riedl C,Köbler F
Riedl C,Goswami S
Riedl C,Krcmar H.
Köbler F,Goswami S
Köbler F,Krcmar H.
Goswami S,Krcmar H.
Baron L.F,Gomez R.
Phung D,Gupta S.K
Phung D,Nguyen T
Phung D,Venkatesh S.
Gupta S.K,Nguyen T
Gupta S.K,Venkatesh S.
Nguyen T,Venkatesh S.
Lu J,Yang J
Lu J,Yu C.-S.
Yang J,Yu C.-S.
Maksl A,Young R.
Vock M,van Dolen W
Vock M,de Ruyter K.
van Dolen W,de Ruyter K.
Cao Q,Lu Y
Cao Q,Dong D
Cao Q,Tang Z
Cao Q,Li Y.
Lu Y,Dong D
Lu Y,Tang Z
Lu Y,Li Y.
Dong D,Tang Z
Dong D,Li Y.
Tang Z,Li Y.
Elliott C,Leck J
Elliott C,Rockwell B
Elliott C,Luthy M.
Leck J,Rockwell B
Leck J,Luthy M.
Rockwell B,Luthy M.
Hsu J.S.-C,Hung Y.W.
Yu Y,Hao J.-X
Yu Y,Dong X.-Y
Yu Y,Khalifa M.
Hao J.-X,Dong X.-Y
Hao J.-X,Khalifa M.
Dong X.-Y,Khalifa M.
Karahanna E,Preston D.
Meng G,Thompson M.E
Meng G,Hall G.B.
Thompson M.E,Hall G.B.
Hofer M,Aubert V.
Durst C,Viol J
Durst C,Wickramasinghe N.
Viol J,Wickramasinghe N.
Hyejung L.E.E,Park J
Hyejung L.E.E,Jungwoo L.E.E.
Park J,Jungwoo L.E.E.
Choi J.H,Scott J.E.
Kuo F.-Y,Tseng F.-C
Kuo F.-Y,Lin C.I.C
Kuo F.-Y,Tang W.-H.
Tseng F.-C,Lin C.I.C
Tseng F.-C,Tang W.-H.
Lin C.I.C,Tang W.-H.
Shipps B,Phillips B.
Collins E,Freeman J.
Trepte S,Reinecke L.
Trier M,Molka-Danielsen J.
Hau Y.S,Kim B
Hau Y.S,Lee H
Hau Y.S,Kim Y.-G.
Kim B,Lee H
Kim B,Kim Y.-G.
Lee H,Kim Y.-G.
Yim B,Leem B.
Giovannella C,Iosue A
Giovannella C,Tancredi A
Giovannella C,Cicola F
Giovannella C,Camusi A
Giovannella C,Moggio F
Giovannella C,Baraniello V
Giovannella C,Carcone S
Giovannella C,Coco S.
Iosue A,Tancredi A
Iosue A,Cicola F
Iosue A,Camusi A
Iosue A,Moggio F
Iosue A,Baraniello V
Iosue A,Carcone S
Iosue A,Coco S.
Tancredi A,Cicola F
Tancredi A,Camusi A
Tancredi A,Moggio F
Tancredi A,Baraniello V
Tancredi A,Carcone S
Tancredi A,Coco S.
Cicola F,Camusi A
Cicola F,Moggio F
Cicola F,Baraniello V
Cicola F,Carcone S
Cicola F,Coco S.
Camusi A,Moggio F
Camusi A,Baraniello V
Camusi A,Carcone S
Camusi A,Coco S.
Moggio F,Baraniello V
Moggio F,Carcone S
Moggio F,Coco S.
Baraniello V,Carcone S
Baraniello V,Coco S.
Carcone S,Coco S.
Wohn D.Y,Ellison N.B
Wohn D.Y,Khan M.L
Wohn D.Y,Fewins-Bliss R
Wohn D.Y,Gray R.
Ellison N.B,Khan M.L
Ellison N.B,Fewins-Bliss R
Ellison N.B,Gray R.
Khan M.L,Fewins-Bliss R
Khan M.L,Gray R.
Fewins-Bliss R,Gray R.
Mikal J.P,Rice R.E
Mikal J.P,Abeyta A
Mikal J.P,Devilbiss J.
Rice R.E,Abeyta A
Rice R.E,Devilbiss J.
Abeyta A,Devilbiss J.
Farrell L.C,Fudge J.
Macke J,Vallejos R.V
Macke J,Faccin K
Macke J,Genari D.
Vallejos R.V,Faccin K
Vallejos R.V,Genari D.
Faccin K,Genari D.
Johnston K,Tanner M
Johnston K,Lalla N
Johnston K,Kawalski D.
Tanner M,Lalla N
Tanner M,Kawalski D.
Lalla N,Kawalski D.
Hargreaves Heap S.P,Tan J.H.W
Hargreaves Heap S.P,Zizzo D.J.
Tan J.H.W,Zizzo D.J.
Zhao F,Kemp L.
Chen R,Sharma S.K.
Biondo A.E,Pluchino A
Biondo A.E,Rapisarda A.
Pluchino A,Rapisarda A.
Gibson R.K,McAllister I.
Broadbent R,Papadopoulos T.
Pham M.C,Klamma R.
Oke A,Prajogo D.I
Oke A,Jayaram J.
Prajogo D.I,Jayaram J.
Yin G,Zhu L
Yin G,Cheng X.
Zhu L,Cheng X.
Cornejo R,Tori M.T
Cornejo R,Favela J.
Tori M.T,Favela J.
Ye Q,Fang B
Ye Q,He W
Ye Q,Po-An Hsieh J.J.
Fang B,He W
Fang B,Po-An Hsieh J.J.
He W,Po-An Hsieh J.J.
Huang K.-Y,Güney S.
Hsiao C.-C,Chiou J.-S.
Choi G,Chung H.
Xavier L.A.O.P,Oliveira M
Xavier L.A.O.P,Teixeira E.K.
Oliveira M,Teixeira E.K.
Lu H.-P,Lee M.-R.
Feizi K,Ronaghi M.H.
Hsiao C.-C,Chiou J.-S.
Maeda M,Araki S
Maeda M,Suzuki M
Maeda M,Umemoto K
Maeda M,Kai Y
Maeda M,Araki K.
Araki S,Suzuki M
Araki S,Umemoto K
Araki S,Kai Y
Araki S,Araki K.
Suzuki M,Umemoto K
Suzuki M,Kai Y
Suzuki M,Araki K.
Umemoto K,Kai Y
Umemoto K,Araki K.
Kai Y,Araki K.
Ansoms A,Geenen S.
Aleksic-Maslac K,Magzan M.
Knight J,Rochon R.
Liao S,Chou E.-Y.
Sofia R,Mendes P
Sofia R,Damásio M.J
Sofia R,Henriques S
Sofia R,Giglietto F
Sofia R,Giambitto E
Sofia R,Bogliolo A.
Mendes P,Damásio M.J
Mendes P,Henriques S
Mendes P,Giglietto F
Mendes P,Giambitto E
Mendes P,Bogliolo A.
Damásio M.J,Henriques S
Damásio M.J,Giglietto F
Damásio M.J,Giambitto E
Damásio M.J,Bogliolo A.
Henriques S,Giglietto F
Henriques S,Giambitto E
Henriques S,Bogliolo A.
Giglietto F,Giambitto E
Giglietto F,Bogliolo A.
Giambitto E,Bogliolo A.
Woudstra L,Van Den Hooff B
Woudstra L,Schouten A.P.
Van Den Hooff B,Schouten A.P.
Stefanone M.A,Kwon K.H
Stefanone M.A,Lackaff D.
Kwon K.H,Lackaff D.
Moniarou-Papaconstantinou V,Tsatsaroni A.
Chua C.E.H,Lim W.-K
Chua C.E.H,Soh C
Chua C.E.H,Sia S.K.
Lim W.-K,Soh C
Lim W.-K,Sia S.K.
Soh C,Sia S.K.
Koole M.L,Parchoma G.
Nejatbakhsh-e-Esfahani A,Khoshtinat V
Nejatbakhsh-e-Esfahani A,Amini M
Nejatbakhsh-e-Esfahani A,Ghoreishian S.A.
Khoshtinat V,Amini M
Khoshtinat V,Ghoreishian S.A.
Amini M,Ghoreishian S.A.
Lilley S,Grodzinsky F.S
Lilley S,Gumbus A.
Grodzinsky F.S,Gumbus A.
Trepte S,Reinecke L
Trepte S,Juechems K.
Reinecke L,Juechems K.
Yin L,Liu L.
Chang Y.P,Zhu D.H.
Tan W.-K,Tan Y.-J.
Sherif K,Munasinghe M
Sherif K,Sharma C.
Munasinghe M,Sharma C.
Shan S,Li Y
Shan S,Liu L
Shan S,Mao Z.
Li Y,Liu L
Li Y,Mao Z.
Liu L,Mao Z.
Liu Y.C,Li F.C.
Fuhrer C,Cucchi A.
Yilmaz M,OConnor R.
Damásio M.J,Henriques S
Damásio M.J,Costa C.
Henriques S,Costa C.
Kundisch D,Zorzi R.
McLaughlin M,Nam Y
McLaughlin M,Gould J
McLaughlin M,Pade C
McLaughlin M,Meeske K.A
McLaughlin M,Ruccione K.S
McLaughlin M,Fulk J.
Nam Y,Gould J
Nam Y,Pade C
Nam Y,Meeske K.A
Nam Y,Ruccione K.S
Nam Y,Fulk J.
Gould J,Pade C
Gould J,Meeske K.A
Gould J,Ruccione K.S
Gould J,Fulk J.
Pade C,Meeske K.A
Pade C,Ruccione K.S
Pade C,Fulk J.
Meeske K.A,Ruccione K.S
Meeske K.A,Fulk J.
Ruccione K.S,Fulk J.
Steinfield C,LaRose R
Steinfield C,Chew H.E
Steinfield C,Tong S.T.
LaRose R,Chew H.E
LaRose R,Tong S.T.
Chew H.E,Tong S.T.
Montazemi A.R,Pittaway J.J
Montazemi A.R,Qahri Saremi H
Montazemi A.R,Wei Y.
Pittaway J.J,Qahri Saremi H
Pittaway J.J,Wei Y.
Qahri Saremi H,Wei Y.
Feizi K,Ronaghi M.H.
Kim K.K,Umanath N.S
Kim K.K,Kim J.Y
Kim K.K,Ahrens F
Kim K.K,Kim B.
Umanath N.S,Kim J.Y
Umanath N.S,Ahrens F
Umanath N.S,Kim B.
Kim J.Y,Ahrens F
Kim J.Y,Kim B.
Ahrens F,Kim B.
Lam S.K,Riedl J.
Tang X,Tang M
Tang X,Weng Z
Tang X,Cao X
Tang X,Lu Y.
Tang M,Weng Z
Tang M,Cao X
Tang M,Lu Y.
Weng Z,Cao X
Weng Z,Lu Y.
Cao X,Lu Y.
Sun Y,Fang Y
Sun Y,Lim K.H
Sun Y,Straub D.
Fang Y,Lim K.H
Fang Y,Straub D.
Lim K.H,Straub D.
Damásio M.J,Henriques S
Damásio M.J,Costa C.
Henriques S,Costa C.
Deandrea D.C,Ellison N.B
Deandrea D.C,Larose R
Deandrea D.C,Steinfield C
Deandrea D.C,Fiore A.
Ellison N.B,Larose R
Ellison N.B,Steinfield C
Ellison N.B,Fiore A.
Larose R,Steinfield C
Larose R,Fiore A.
Steinfield C,Fiore A.
Baggam D.S,Adinarayana S
Baggam D.S,Koteeswaran R
Baggam D.S,Balasubramanian Y.
Adinarayana S,Koteeswaran R
Adinarayana S,Balasubramanian Y.
Koteeswaran R,Balasubramanian Y.
Von Stetten A,Beimborn D
Von Stetten A,Weitzel T.
Beimborn D,Weitzel T.
Thapa D,Sein M.K
Thapa D,Sæbø Ø.
Sein M.K,Sæbø Ø.
Baggam D.S,Adinarayana S
Baggam D.S,Raghuraman K.
Adinarayana S,Raghuraman K.
Xiao H,Li W
Xiao H,Cao X
Xiao H,Tang Z.
Li W,Cao X
Li W,Tang Z.
Cao X,Tang Z.
Alimirzaei E,Asady A.
Singh P.V,Tan Y
Singh P.V,Mookerjee V.
Tan Y,Mookerjee V.
Wickramasinghe V,Weliwitigoda P.
Camarero C,San José R.
Valerio-Ureña G,Valenzuela-González R.
Falcone R,Castelfranchi C.
Lin K.-Y,Lu H.-P.
Gonzalez-Alvarez N,Solis-Rodriguez V.
Yoon C,Wang Z.-W.
Li Z,Luo F.
Xiong X,Fu R
Xiong X,Zhang W
Xiong X,Zhang Y
Xiong X,Xiong L.
Fu R,Zhang W
Fu R,Zhang Y
Fu R,Xiong L.
Zhang W,Zhang Y
Zhang W,Xiong L.
Zhang Y,Xiong L.
Vaezi R,Torkzadeh G
Vaezi R,Chang J.C.-J.
Torkzadeh G,Chang J.C.-J.
Lee W.-L,Lai M.-C
Lee W.-L,Lin L.-H
Lee W.-L,Huang H.-C.
Lai M.-C,Lin L.-H
Lai M.-C,Huang H.-C.
Lin L.-H,Huang H.-C.
Watts S,Wyner G.
Ogunseye O.S,Adetiloye P.K
Ogunseye O.S,Idowu S.O
Ogunseye O.S,Folorunso O
Ogunseye O.S,Akinwale A.T.
Adetiloye P.K,Idowu S.O
Adetiloye P.K,Folorunso O
Adetiloye P.K,Akinwale A.T.
Idowu S.O,Folorunso O
Idowu S.O,Akinwale A.T.
Folorunso O,Akinwale A.T.
Lin C.-P,Chiu C.-K.
Ghersetti M,Odén T.A.
Audunson R,Essmat S
Audunson R,Aabø S.
Essmat S,Aabø S.
Goggins S.P,Gallagher M
Goggins S.P,Laffey J.
Gallagher M,Laffey J.
Chang K.-C,Wong J.-H
Chang K.-C,Li Y
Chang K.-C,Lin Y.-C
Chang K.-C,Chen H.-G.
Wong J.-H,Li Y
Wong J.-H,Lin Y.-C
Wong J.-H,Chen H.-G.
Li Y,Lin Y.-C
Li Y,Chen H.-G.
Lin Y.-C,Chen H.-G.
Van Den Hooff B,De Winter M.
Falcone R,Castelfranchi C.
Manos B,Bournaris T
Manos B,Chatzinikolaou P.
Bournaris T,Chatzinikolaou P.
Chou S.-W,He M.-Y.
Chang H.-H,Chou H.-W.
Hau Y.S,Kim Y.-G.
Carey S,Lawson B.
Greenhow C,Burton L.
Zhang L,Jones M.C.
Lu Y,Yang D.
Chang H.H,Chuang S.-S.
Hsieh J.J.P.-A,Rai A
Hsieh J.J.P.-A,Keil M.
Rai A,Keil M.
Chai S,Das S
Chai S,Rao H.
Das S,Rao H.
Brandtzæg P.B,Heim J.
Amirtham T,Joseph M.J.
De Clercq D,Thongpapanl N
De Clercq D,Dimov D.
Thongpapanl N,Dimov D.
Hashizume A,Shiizuka H.
Ji Y.G,Hwangbo H
Ji Y.G,Yi J.S
Ji Y.G,Rau P.L.P
Ji Y.G,Fang X
Ji Y.G,Ling C.
Hwangbo H,Yi J.S
Hwangbo H,Rau P.L.P
Hwangbo H,Fang X
Hwangbo H,Ling C.
Yi J.S,Rau P.L.P
Yi J.S,Fang X
Yi J.S,Ling C.
Rau P.L.P,Fang X
Rau P.L.P,Ling C.
Fang X,Ling C.
Brandtzæg P.B,Lüders M
Brandtzæg P.B,Skjetne J.H.
Lüders M,Skjetne J.H.
Kang M,Kim Y.-G
Kang M,Bock G.-W.
Kim Y.-G,Bock G.-W.
Zahedi F.M,Bansal G
Zahedi F.M,Ische J.
Bansal G,Ische J.
Andrade A.D,Urquhart C.
Tseng F.-C,Kuo F.-Y.
Boddy S,Rezgui Y
Boddy S,Cooper G
Boddy S,Wetherill M.
Rezgui Y,Cooper G
Rezgui Y,Wetherill M.
Cooper G,Wetherill M.
Yang H.-H,Yu C
Yang H.-H,Huang C.-H
Yang H.-H,Kuo L.-H
Yang H.-H,Yang H.-J.
Yu C,Huang C.-H
Yu C,Kuo L.-H
Yu C,Yang H.-J.
Huang C.-H,Kuo L.-H
Huang C.-H,Yang H.-J.
Kuo L.-H,Yang H.-J.
Suh A,Shin K.-S.
Spinelli A,Volterrani A.
Shiue Y.-C,Chiu C.-M
Shiue Y.-C,Chang C.-C.
Chiu C.-M,Chang C.-C.
Ahamer G,Jekel T
Ahamer G,Vogler R.
Jekel T,Vogler R.
Brandtzg P.B,Heim J
Brandtzg P.B,Kaare B.H.
Heim J,Kaare B.H.
Ngwenyama O,Nørbjerg J.
Moniarou-Papaconstantinou V,Tsatsaroni A
Moniarou-Papaconstantinou V,Katsis A
Moniarou-Papaconstantinou V,Koulaidis V.
Tsatsaroni A,Katsis A
Tsatsaroni A,Koulaidis V.
Katsis A,Koulaidis V.
Ali-Hassan H,Nevo D
Ali-Hassan H,Nevo S.
Nevo D,Nevo S.
Zhou T,Lu Y
Zhou T,Wang B
Zhou T,Wei K.-K.
Lu Y,Wang B
Lu Y,Wei K.-K.
Wang B,Wei K.-K.
Dawson P,Daniel L.
Yin C.-Y,Chiang J.K.
López-Fernández M,Martín-Alcázar F
López-Fernández M,Romero-Fernández P.M.
Martín-Alcázar F,Romero-Fernández P.M.
Rezgui Y,Hopfe C.J
Rezgui Y,Vorakulpipat C.
Hopfe C.J,Vorakulpipat C.
Counts S,Fisher K.E.
Kalu K.N,Remkus B.W.
Ogan C,Ozakca M.
Robinson J.P,Martin S.
Tapia A.H,Ortiz J.A.
Huvila I,Holmberg K
Huvila I,Ek S
Huvila I,Widén-Wulff G.
Holmberg K,Ek S
Holmberg K,Widén-Wulff G.
Ek S,Widén-Wulff G.
Tomai M,Rosa V
Tomai M,Mebane M.E
Tomai M,DAcunti A
Tomai M,Benedetti M
Tomai M,Francescato D.
Rosa V,Mebane M.E
Rosa V,DAcunti A
Rosa V,Benedetti M
Rosa V,Francescato D.
Mebane M.E,DAcunti A
Mebane M.E,Benedetti M
Mebane M.E,Francescato D.
DAcunti A,Benedetti M
DAcunti A,Francescato D.
Benedetti M,Francescato D.
Mangione G.R,Cigognini E
Mangione G.R,Pettenati C.
Cigognini E,Pettenati C.
Putzke J,Fischbach K
Putzke J,Schoder D
Putzke J,Gloor P.A.
Fischbach K,Schoder D
Fischbach K,Gloor P.A.
Schoder D,Gloor P.A.
Huffaker D.A,Simmons M
Huffaker D.A,Bakshy E
Huffaker D.A,Adamic L.A.
Simmons M,Bakshy E
Simmons M,Adamic L.A.
Bakshy E,Adamic L.A.
Bach P.M,Carroll J.M.
Utulu S.C,Okoye M.A.
Binternagel N.B,Juhrbandt J
Binternagel N.B,Koch S
Binternagel N.B,Purnomo M
Binternagel N.B,Schwarze S
Binternagel N.B,Barkmann J
Binternagel N.B,Faust H.
Juhrbandt J,Koch S
Juhrbandt J,Purnomo M
Juhrbandt J,Schwarze S
Juhrbandt J,Barkmann J
Juhrbandt J,Faust H.
Koch S,Purnomo M
Koch S,Schwarze S
Koch S,Barkmann J
Koch S,Faust H.
Purnomo M,Schwarze S
Purnomo M,Barkmann J
Purnomo M,Faust H.
Schwarze S,Barkmann J
Schwarze S,Faust H.
Barkmann J,Faust H.
Guo C,Shim J.P
Guo C,Otondo R.
Shim J.P,Otondo R.
Amiri A.N,Ramazan M
Amiri A.N,Omrani A.
Ramazan M,Omrani A.
Miodownik D,Cartrite B
Miodownik D,Bhavnani R.
Cartrite B,Bhavnani R.
Yang S,Lee H
Yang S,Kurnia S.
Lee H,Kurnia S.
Johnson C.A,Griffis M.R.
Pasek J,More E
Pasek J,Romer D.
More E,Romer D.
Gaines B.J,Mondak J.J.
Wang J.-C,Chiang M.-J.
Kesidis G,Tangpong A
Kesidis G,Griffin C.
Tangpong A,Griffin C.
Li M.-S,Pu H.-T.
Vergeer M,Pelzer B.
Hinds D,Lee R.M.
Hallin C.A,Øgaard T
Hallin C.A,Marnburg E.
Øgaard T,Marnburg E.
Driouchi A,Boboc C.
Valenzuela S,Park N
Valenzuela S,Kee K.F.
Park N,Kee K.F.
Ganley D,Lampe C.
Yang S.-C,Farn C.-K.
Pfeil U,Arjan R
Pfeil U,Zaphiris P.
Arjan R,Zaphiris P.
Huang C.-C,Lin T.-C
Huang C.-C,Lin K.-J.
Lin T.-C,Lin K.-J.
He W,Qiao Q
He W,Wei K.-K.
Qiao Q,Wei K.-K.
Lin T.-C,Huang C.-C.
Katai O,Kawakami H
Katai O,Shiose T.
Kawakami H,Shiose T.
Andrade A.E.D,Urquhart C.
Ko H.-C,Kuo F.-Y.
Skoric M.M,Ying D
Skoric M.M,Ng Y.
Ying D,Ng Y.
Exton R,Totterdill P.
Burke K,Calton J.M.
Li Z,Zhu T.
Adam M.S,Urquhart C.
van den Hooff B,Huysman M.
Sum S,Mathews M.R
Sum S,Pourghasem M
Sum S,Hughes I.
Mathews M.R,Pourghasem M
Mathews M.R,Hughes I.
Pourghasem M,Hughes I.
Vårheim A,Steinmo S
Vårheim A,Ide E.
Steinmo S,Ide E.
Chow W.S,Chan L.S.
Quintelier E,Vissers S.
Teoh S.Y,Pan S.L.
Urquhart C,Liyanage S
Urquhart C,Kah M.M.O.
Liyanage S,Kah M.M.O.
Riemer K,Klein S.
Wilson D,Coleman S
Wilson D,Herron C.
Coleman S,Herron C.
Baumes J,Chen H.-C
Baumes J,Francisco M
Baumes J,Goldberg M
Baumes J,Magdon-Ismail M
Baumes J,Wallace W.
Chen H.-C,Francisco M
Chen H.-C,Goldberg M
Chen H.-C,Magdon-Ismail M
Chen H.-C,Wallace W.
Francisco M,Goldberg M
Francisco M,Magdon-Ismail M
Francisco M,Wallace W.
Goldberg M,Magdon-Ismail M
Goldberg M,Wallace W.
Magdon-Ismail M,Wallace W.
Widn-Wulff G,Ek S
Widn-Wulff G,Ginman M
Widn-Wulff G,Perttil R
Widn-Wulff G,Sdergrd P
Widn-Wulff G,Ttterman A.-K.
Ek S,Ginman M
Ek S,Perttil R
Ek S,Sdergrd P
Ek S,Ttterman A.-K.
Ginman M,Perttil R
Ginman M,Sdergrd P
Ginman M,Ttterman A.-K.
Perttil R,Sdergrd P
Perttil R,Ttterman A.-K.
Sdergrd P,Ttterman A.-K.
Montazemi A.R,Siam J.J
Montazemi A.R,Esfahanipour A.
Siam J.J,Esfahanipour A.
Lawson B,Tyler B.B
Lawson B,Cousins P.D.
Tyler B.B,Cousins P.D.
Zhuang G.-J,Zhou N
Zhuang G.-J,Su C.-T
Zhuang G.-J,Yang Z.-L.
Zhou N,Su C.-T
Zhou N,Yang Z.-L.
Su C.-T,Yang Z.-L.
Striukova L,Rayna T.
Robert Jr,L.P
Robert Jr,Dennis A.R
Robert Jr,Ahuja M.K.
L.P,Dennis A.R
L.P,Ahuja M.K.
Dennis A.R,Ahuja M.K.
Mebane M,Porcelli R
Mebane M,Iannone A
Mebane M,Attanasio C
Mebane M,Francescato D.
Porcelli R,Iannone A
Porcelli R,Attanasio C
Porcelli R,Francescato D.
Iannone A,Attanasio C
Iannone A,Francescato D.
Attanasio C,Francescato D.
Sharma R.S,Yu Hui P.T
Sharma R.S,Tan M.-W.
Yu Hui P.T,Tan M.-W.
Jaeger P.T,Shneiderman B
Jaeger P.T,Fleischmann K.R
Jaeger P.T,Preece J
Jaeger P.T,Qu Y
Jaeger P.T,Fei Wu P.
Shneiderman B,Fleischmann K.R
Shneiderman B,Preece J
Shneiderman B,Qu Y
Shneiderman B,Fei Wu P.
Fleischmann K.R,Preece J
Fleischmann K.R,Qu Y
Fleischmann K.R,Fei Wu P.
Preece J,Qu Y
Preece J,Fei Wu P.
Qu Y,Fei Wu P.
Beaudoin C.E,Tao C.-C.
Ellison N.B,Steinfield C
Ellison N.B,Lampe C.
Steinfield C,Lampe C.
Wu W.-L,Hsu B.-F
Wu W.-L,Yeh R.-S.
Hsu B.-F,Yeh R.-S.
Song S,Nerur S
Song S,Teng J.T.C.
Nerur S,Teng J.T.C.
Okoli C,Oh W.
Pan S.L,Newell S
Pan S.L,Huang J
Pan S.L,Galliers R.D.
Newell S,Huang J
Newell S,Galliers R.D.
Huang J,Galliers R.D.
Krause D.R,Handfield R.B
Krause D.R,Tyler B.B.
Handfield R.B,Tyler B.B.
Fischer G,Rohde M
Fischer G,Wulf V.
Rohde M,Wulf V.
Kuan H.-H,Bock G.-W.
Pisano V,Duane Ireland R
Pisano V,Hitt M.A
Pisano V,Webb J.W.
Duane Ireland R,Hitt M.A
Duane Ireland R,Webb J.W.
Hitt M.A,Webb J.W.
Bhandar M,Pan S.-L
Bhandar M,Tan B.C.Y.
Pan S.-L,Tan B.C.Y.
Francescato D,Mebane M
Francescato D,Porcelli R
Francescato D,Attanasio C
Francescato D,Pulino M.
Mebane M,Porcelli R
Mebane M,Attanasio C
Mebane M,Pulino M.
Porcelli R,Attanasio C
Porcelli R,Pulino M.
Attanasio C,Pulino M.
Yue Wah C,Menkhoff T
Yue Wah C,Loh B
Yue Wah C,Evers H.-D.
Menkhoff T,Loh B
Menkhoff T,Evers H.-D.
Loh B,Evers H.-D.
Parameswaran M,Whinston A.B.
Ducheneaut N,Moore R.J
Ducheneaut N,Nickell E.
Moore R.J,Nickell E.
Chiu C.-M,Hsu M.-H
Chiu C.-M,Wang E.T.G.
Hsu M.-H,Wang E.T.G.
Passiante G,Ndou V.
Williams D,Ducheneaut N
Williams D,Xiong L
Williams D,Zhang Y
Williams D,Yee N
Williams D,Nickell E.
Ducheneaut N,Xiong L
Ducheneaut N,Zhang Y
Ducheneaut N,Yee N
Ducheneaut N,Nickell E.
Xiong L,Zhang Y
Xiong L,Yee N
Xiong L,Nickell E.
Zhang Y,Yee N
Zhang Y,Nickell E.
Yee N,Nickell E.
Best S.J,Krueger B.S.
Sherif K,Hoffman J
Sherif K,Thomas B.
Hoffman J,Thomas B.
Dinev T,Bellotto M
Dinev T,Hart P
Dinev T,Russo V
Dinev T,Serra I
Dinev T,Colautti C.
Bellotto M,Hart P
Bellotto M,Russo V
Bellotto M,Serra I
Bellotto M,Colautti C.
Hart P,Russo V
Hart P,Serra I
Hart P,Colautti C.
Russo V,Serra I
Russo V,Colautti C.
Serra I,Colautti C.
Yuan Y.C,Gay G.
Steinkuehler C.A,Williams D.
Sporleder T,Wu S.
Chou T.-C,Chen J.-R
Chou T.-C,Pan S.L.
Chen J.-R,Pan S.L.
Wang E.T.G,Ying T.-C
Wang E.T.G,Jiang J.J
Wang E.T.G,Klein G.
Ying T.-C,Jiang J.J
Ying T.-C,Klein G.
Jiang J.J,Klein G.
Huysman M,Wulf V.
Sherif K,Sherif S.A.
Yuan Y.C,Gay G
Yuan Y.C,Hembrooke H.
Gay G,Hembrooke H.
Lazega E,Mounier L
Lazega E,Jourda M.-T
Lazega E,Stofer R.
Mounier L,Jourda M.-T
Mounier L,Stofer R.
Jourda M.-T,Stofer R.
Pavlovich K,Corner P.D.
Carroll J.M,Rosson M.B
Carroll J.M,Convertino G
Carroll J.M,Ganoe C.H.
Rosson M.B,Convertino G
Rosson M.B,Ganoe C.H.
Convertino G,Ganoe C.H.
Cho H,Lee J.-S
Cho H,Stefanone M
Cho H,Gay G.
Lee J.-S,Stefanone M
Lee J.-S,Gay G.
Stefanone M,Gay G.
Kokabu M,Katai O
Kokabu M,Shiose T
Kokabu M,Kawakami H.
Katai O,Shiose T
Katai O,Kawakami H.
Shiose T,Kawakami H.
Oh W,Choi J.N
Oh W,Kim K.
Choi J.N,Kim K.
Miranda S.M,Kavan C.B.
Wu W.-Y,Tsai H.-J.
Hatzakis T,Lycett M
Hatzakis T,Macredie R.D
Hatzakis T,Martin V.A.
Lycett M,Macredie R.D
Lycett M,Martin V.A.
Macredie R.D,Martin V.A.
Wasko M.M,Faraj S.
Kankanhalli A,Tan B.C.Y
Kankanhalli A,Wei K.-K.
Tan B.C.Y,Wei K.-K.
Riegelsberger J,Sasse M.A
Riegelsberger J,McCarthy J.D.
Sasse M.A,McCarthy J.D.
Kavanaugh A.L,Reese D.D
Kavanaugh A.L,Carroll J.M
Kavanaugh A.L,Rosson M.B.
Reese D.D,Carroll J.M
Reese D.D,Rosson M.B.
Carroll J.M,Rosson M.B.
Connery A,Hasan H.
Barzilai-Nahon K,Barzilai G.
Widén-Wulff G,Ginman M.
Wang C.L,Ahmed P.K.
Hall H,Graham D.
Grimsley M,Meehan A
Grimsley M,Green G
Grimsley M,Stafford B.
Meehan A,Green G
Meehan A,Stafford B.
Green G,Stafford B.
Pouloudi A,Ziouvelou X
Pouloudi A,Vassilopoulou K.
Ziouvelou X,Vassilopoulou K.
Reich B.H,Kaarst-Brown M.L.
Sawyer S,Crowston K
Sawyer S,Wigand R.T
Sawyer S,Allbritton M.
Crowston K,Wigand R.T
Crowston K,Allbritton M.
Wigand R.T,Allbritton M.
Oxendine A,Borgida E
Oxendine A,Sullivan J.L
Oxendine A,Jackson M.S.
Borgida E,Sullivan J.L
Borgida E,Jackson M.S.
Sullivan J.L,Jackson M.S.
Balachandran J,Foo S.
Dubinsky L,Garrett-Petts W.F.
Meredyth D,Hopkins L
Meredyth D,Ewing S
Meredyth D,Thomas J.
Hopkins L,Ewing S
Hopkins L,Thomas J.
Ewing S,Thomas J.
Huotari M.-L,Iivonen M.
Bozeman B,Dietz J.S
Bozeman B,Gaughan M.
Dietz J.S,Gaughan M.
Cross R,Rice R.E
Cross R,Parker A.
Rice R.E,Parker A.
Satyadas A,Harigopal U
Satyadas A,Cassaigne N.P.
Harigopal U,Cassaigne N.P.
Ferlander S,Timms D.
Omta S.W.F,Trienekens J.H
Omta S.W.F,Beers G.
Trienekens J.H,Beers G.
Lesser E.L,Storck J.
Tonn B.E,Zambrano P
Tonn B.E,Moore S.
Zambrano P,Moore S.
Cosier G,Hughes P.M.
Gold A.H,Malhotra A
Gold A.H,Segars A.H.
Malhotra A,Segars A.H.
Friedman B,Kahn Jr
Friedman B,P.H
Friedman B,Howe D.C.
Kahn Jr,P.H
Kahn Jr,Howe D.C.
P.H,Howe D.C.
Attewell P,Battle J.
Kumar K,Van Dissel H.G
Kumar K,Bielli P.
Van Dissel H.G,Bielli P.
Blanchard A,Horan T.
Riedel E,Dresel L
Riedel E,Wagoner M.J
Riedel E,Sullivan J.L
Riedel E,Borgida E.
Dresel L,Wagoner M.J
Dresel L,Sullivan J.L
Dresel L,Borgida E.
Wagoner M.J,Sullivan J.L
Wagoner M.J,Borgida E.
Sullivan J.L,Borgida E.
