Quigley M,Blair N
Quigley M,Davison K.
Blair N,Davison K.
Hong A,Sallis J.F
Hong A,King A.C
Hong A,Conway T.L
Hong A,Saelens B
Hong A,Cain K.L
Hong A,Fox E.H
Hong A,Frank L.D.
Sallis J.F,King A.C
Sallis J.F,Conway T.L
Sallis J.F,Saelens B
Sallis J.F,Cain K.L
Sallis J.F,Fox E.H
Sallis J.F,Frank L.D.
King A.C,Conway T.L
King A.C,Saelens B
King A.C,Cain K.L
King A.C,Fox E.H
King A.C,Frank L.D.
Conway T.L,Saelens B
Conway T.L,Cain K.L
Conway T.L,Fox E.H
Conway T.L,Frank L.D.
Saelens B,Cain K.L
Saelens B,Fox E.H
Saelens B,Frank L.D.
Cain K.L,Fox E.H
Cain K.L,Frank L.D.
Fox E.H,Frank L.D.
Lulewicz J,Coker A.B.
Levy O,Reiche B.S.
Stokes B,Williams D.
Jonsson K.R,Demireva N.
Onah M.N,Horton S.
Yang T.-C,Chen D.
Meng A,Clausen T
Meng A,Borg V.
Clausen T,Borg V.
Tina Yuan C.W,Hanrahan B.V
Tina Yuan C.W,Carroll J.M.
Hanrahan B.V,Carroll J.M.
Tosetti A.T,Cepeda J.F.L
Tosetti A.T,Ruiz O.M.
Cepeda J.F.L,Ruiz O.M.
Marozzi M,Bolzan M.
Guan T,Wang L
Guan T,Jin J
Guan T,Song X.
Wang L,Jin J
Wang L,Song X.
Jin J,Song X.
Martinez-Martinez O.A,Vazquez-Rodriguez A.-M
Martinez-Martinez O.A,Lombe M
Martinez-Martinez O.A,Gaitan-Rossi P.
Vazquez-Rodriguez A.-M,Lombe M
Vazquez-Rodriguez A.-M,Gaitan-Rossi P.
Lombe M,Gaitan-Rossi P.
Sato Y,Aida J
Sato Y,Tsuboya T
Sato Y,Shirai K
Sato Y,Koyama S
Sato Y,Matsuyama Y
Sato Y,Kondo K
Sato Y,Osaka K.
Aida J,Tsuboya T
Aida J,Shirai K
Aida J,Koyama S
Aida J,Matsuyama Y
Aida J,Kondo K
Aida J,Osaka K.
Tsuboya T,Shirai K
Tsuboya T,Koyama S
Tsuboya T,Matsuyama Y
Tsuboya T,Kondo K
Tsuboya T,Osaka K.
Shirai K,Koyama S
Shirai K,Matsuyama Y
Shirai K,Kondo K
Shirai K,Osaka K.
Koyama S,Matsuyama Y
Koyama S,Kondo K
Koyama S,Osaka K.
Matsuyama Y,Kondo K
Matsuyama Y,Osaka K.
Kondo K,Osaka K.
Carlson A,Isaacs A.M.
Shirodkar V,Beddewela E
Shirodkar V,Richter U.H.
Beddewela E,Richter U.H.
Robinovich J,Ossa X
Robinovich J,Baeza B
Robinovich J,Krumeich A
Robinovich J,van der Borne B.
Ossa X,Baeza B
Ossa X,Krumeich A
Ossa X,van der Borne B.
Baeza B,Krumeich A
Baeza B,van der Borne B.
Krumeich A,van der Borne B.
de Guzman M.R.T,Garcia A.S.
Perry R,Drachen A
Perry R,Kearney A
Perry R,Kriglstein S
Perry R,Nacke L.E
Perry R,Sifa R
Perry R,Wallner G
Perry R,Johnson D.
Drachen A,Kearney A
Drachen A,Kriglstein S
Drachen A,Nacke L.E
Drachen A,Sifa R
Drachen A,Wallner G
Drachen A,Johnson D.
Kearney A,Kriglstein S
Kearney A,Nacke L.E
Kearney A,Sifa R
Kearney A,Wallner G
Kearney A,Johnson D.
Kriglstein S,Nacke L.E
Kriglstein S,Sifa R
Kriglstein S,Wallner G
Kriglstein S,Johnson D.
Nacke L.E,Sifa R
Nacke L.E,Wallner G
Nacke L.E,Johnson D.
Sifa R,Wallner G
Sifa R,Johnson D.
Wallner G,Johnson D.
Park K.-G,Han S.
Fitzsimons A.L,Starosta G.
Valli L,Stefanski A
Valli L,Jacobson R.
Stefanski A,Jacobson R.
Vincens N,Emmelin M
Vincens N,Stafström M.
Emmelin M,Stafström M.
Smith C,Buckley N
Smith C,Bridges E
Smith C,Pavitt B
Smith C,Moss A.
Buckley N,Bridges E
Buckley N,Pavitt B
Buckley N,Moss A.
Bridges E,Pavitt B
Bridges E,Moss A.
Pavitt B,Moss A.
Lorensen M.R,Buch-Hansen G.
Birch J,Hart J.P.
Kawachi I,Subramanian S.V.
Rahbari L,Dierickx S
Rahbari L,Longman C
Rahbari L,Coene G.
Dierickx S,Longman C
Dierickx S,Coene G.
Longman C,Coene G.
Colombo E,Leonini L
Colombo E,Rebughini P.
Leonini L,Rebughini P.
Adjaye-Gbewonyo K,Kawachi I
Adjaye-Gbewonyo K,Subramanian S.V
Adjaye-Gbewonyo K,Avendano M.
Kawachi I,Subramanian S.V
Kawachi I,Avendano M.
Subramanian S.V,Avendano M.
Villalonga-Olives E,Kawachi I.
Carlton S,Vallance S.
Church E.M,Thambusamy R
Church E.M,Nemati H.
Thambusamy R,Nemati H.
Hayat T.Z,Lesser O
Hayat T.Z,Samuel-Azran T.
Lesser O,Samuel-Azran T.
Ohrnberger J,Fichera E
Ohrnberger J,Sutton M.
Fichera E,Sutton M.
Ortiz J,Chang S.-H
Ortiz J,Chih W.-H
Ortiz J,Wang C.-H.
Chang S.-H,Chih W.-H
Chang S.-H,Wang C.-H.
Chih W.-H,Wang C.-H.
Wise J,Driskell R.
Ding Q,Devine N.
Arezzo M.F,Giudici C.
Chen H.-T,Li X.
Miething A,Rostila M
Miething A,Rydgren J.
Rostila M,Rydgren J.
Mewes J,Giordano G.N.
Sibai A.M,Rizk A
Sibai A.M,Chemaitelly H.
Rizk A,Chemaitelly H.
Canfield-Davis K,Gardiner M.E.
Kaye L.K,Kowert R
Kaye L.K,Quinn S.
Kowert R,Quinn S.
Yuan C.W.T,Fussell S.R.
Keeves G.D,Westphal J.D
Keeves G.D,McDonald M.L.
Westphal J.D,McDonald M.L.
Fedor A.R,Toldi A.
Habibov N,Cheung A
Habibov N,Auchynnikava A.
Cheung A,Auchynnikava A.
Village A,Powell R
Village A,Pepper M.
Powell R,Pepper M.
Liou Y.-H,Daly A.J
Liou Y.-H,Canrinus E.T
Liou Y.-H,Forbes C.A
Liou Y.-H,Moolenaar N.M
Liou Y.-H,Cornelissen F
Liou Y.-H,Van Lare M
Liou Y.-H,Hsiao J.
Daly A.J,Canrinus E.T
Daly A.J,Forbes C.A
Daly A.J,Moolenaar N.M
Daly A.J,Cornelissen F
Daly A.J,Van Lare M
Daly A.J,Hsiao J.
Canrinus E.T,Forbes C.A
Canrinus E.T,Moolenaar N.M
Canrinus E.T,Cornelissen F
Canrinus E.T,Van Lare M
Canrinus E.T,Hsiao J.
Forbes C.A,Moolenaar N.M
Forbes C.A,Cornelissen F
Forbes C.A,Van Lare M
Forbes C.A,Hsiao J.
Moolenaar N.M,Cornelissen F
Moolenaar N.M,Van Lare M
Moolenaar N.M,Hsiao J.
Cornelissen F,Van Lare M
Cornelissen F,Hsiao J.
Van Lare M,Hsiao J.
Greffe X,Krebs A
Greffe X,Pflieger S.
Krebs A,Pflieger S.
Soriano Ayala E,Cala V.C.
Kim B,Kim Y.
Vandermeerschen H,Van Regenmortel T
Vandermeerschen H,Scheerder J.
Van Regenmortel T,Scheerder J.
Srivastav G,Gupta A.
Ko W.W,Liu G.
McGovern T,McLean T.
Wicks J.L,Morimoto S
Wicks J.L,Wicks R.H
Wicks J.L,Schulte S.R.
Morimoto S,Wicks R.H
Morimoto S,Schulte S.R.
Wicks R.H,Schulte S.R.
Su C.C,Chan N.K.
Phua J,Jin S.V
Phua J,Kim J.J.
Jin S.V,Kim J.J.
Huang L.V,Liu P.L.
Tortelli A,Sauzé D
Tortelli A,Skurnik N.
Sauzé D,Skurnik N.
McKean C,Law J
McKean C,Laing K
McKean C,Cockerill M
McKean C,Allon-Smith J
McKean C,McCartney E
McKean C,Forbes J.
Law J,Laing K
Law J,Cockerill M
Law J,Allon-Smith J
Law J,McCartney E
Law J,Forbes J.
Laing K,Cockerill M
Laing K,Allon-Smith J
Laing K,McCartney E
Laing K,Forbes J.
Cockerill M,Allon-Smith J
Cockerill M,McCartney E
Cockerill M,Forbes J.
Allon-Smith J,McCartney E
Allon-Smith J,Forbes J.
McCartney E,Forbes J.
Sudhinaraset M,Ling I
Sudhinaraset M,To T.M
Sudhinaraset M,Melo J
Sudhinaraset M,Quach T.
Ling I,To T.M
Ling I,Melo J
Ling I,Quach T.
To T.M,Melo J
To T.M,Quach T.
Melo J,Quach T.
Aten K,DiRenzo M
Aten K,Shatnawi D.
DiRenzo M,Shatnawi D.
Soriano-Ayala E,Cala V.C.
Engbers T.A,Thompson M.F
Engbers T.A,Slaper T.F.
Thompson M.F,Slaper T.F.
Jang J,Hessel H
Jang J,Dworkin J.
Hessel H,Dworkin J.
Huang M.-H,Whang T
Huang M.-H,Xuchuan L.
Whang T,Xuchuan L.
Chong S.T,Koh D
Chong S.T,Fauziah I
Chong S.T,Samsudin A.R.
Koh D,Fauziah I
Koh D,Samsudin A.R.
Fauziah I,Samsudin A.R.
Davidson T,Sanyal P.
Bennett M.R,Einolf C.J.
De Neve J.-W,Kawachi I.
Awaworyi Churchill S,Mishra V.
Story W.T,Carpiano R.M.
Peake W.O,Cooper D
Peake W.O,Fitzgerald M.A
Peake W.O,Muske G.
Cooper D,Fitzgerald M.A
Cooper D,Muske G.
Fitzgerald M.A,Muske G.
Tracey S,O’Sullivan T.L
Tracey S,Lane D.E
Tracey S,Guy E
Tracey S,Courtemanche J.
O’Sullivan T.L,Lane D.E
O’Sullivan T.L,Guy E
O’Sullivan T.L,Courtemanche J.
Lane D.E,Guy E
Lane D.E,Courtemanche J.
Guy E,Courtemanche J.
Addis E,Joxhe M.
Ambrey C,Ulichny J
Ambrey C,Fleming C.
Ulichny J,Fleming C.
Snider A,Afonso Gallegos A
Snider A,Gutiérrez I
Snider A,Sibelet N.
Afonso Gallegos A,Gutiérrez I
Afonso Gallegos A,Sibelet N.
Gutiérrez I,Sibelet N.
Yoo J.H,Jeong E.J.
Grønlie A.A,Dageid W.
ODoherty M.G,French D
ODoherty M.G,Steptoe A
ODoherty M.G,Kee F.
French D,Steptoe A
French D,Kee F.
Steptoe A,Kee F.
Guo W,Liang R.-Y
Guo W,Wang L
Guo W,Peng W.
Liang R.-Y,Wang L
Liang R.-Y,Peng W.
Wang L,Peng W.
Sarracino F,Mikucka M.
Rung A.L,Gaston S
Rung A.L,Robinson W.T
Rung A.L,Trapido E.J
Rung A.L,Peters E.S.
Gaston S,Robinson W.T
Gaston S,Trapido E.J
Gaston S,Peters E.S.
Robinson W.T,Trapido E.J
Robinson W.T,Peters E.S.
Trapido E.J,Peters E.S.
Oranye N.O,Ezeah P
Oranye N.O,Ahmad N.
Ezeah P,Ahmad N.
Dhir A,Kaur P
Dhir A,Lonka K
Dhir A,Tsai C.-C.
Kaur P,Lonka K
Kaur P,Tsai C.-C.
Lonka K,Tsai C.-C.
Howard A,Blakemore T
Howard A,Bevis M.
Blakemore T,Bevis M.
Hallam C,Zanella G.
Verwiebe R,Reinprecht C
Verwiebe R,Haindorfer R
Verwiebe R,Wiesboeck L.
Reinprecht C,Haindorfer R
Reinprecht C,Wiesboeck L.
Haindorfer R,Wiesboeck L.
Vives L,Vazquez Silva I.
Fu P.-W,Wu C.-C
Fu P.-W,Cho Y.-J.
Wu C.-C,Cho Y.-J.
Binyamin G,Carmeli A.
Quetulio-Navarra M,Znidarsic A
Quetulio-Navarra M,Niehof A.
Znidarsic A,Niehof A.
Young L.E,Jonas A.B
Young L.E,Michaels S
Young L.E,Jackson J.D
Young L.E,Pierce M.L
Young L.E,Schneider J.A.
Jonas A.B,Michaels S
Jonas A.B,Jackson J.D
Jonas A.B,Pierce M.L
Jonas A.B,Schneider J.A.
Michaels S,Jackson J.D
Michaels S,Pierce M.L
Michaels S,Schneider J.A.
Jackson J.D,Pierce M.L
Jackson J.D,Schneider J.A.
Pierce M.L,Schneider J.A.
Walcon E,Nicholson H.
Andrews R,Otto B.H.
Kohzadi N,Ahmadi M.
Pavičić J,Alfirević N
Pavičić J,Bežovan G.
Alfirević N,Bežovan G.
Arezzo M.F,Giudici C.
Sudibia I.K,Yuliarmi N.N
Sudibia I.K,Sintaasih D.K
Sudibia I.K,Marhaeni A.A.I.N.
Yuliarmi N.N,Sintaasih D.K
Yuliarmi N.N,Marhaeni A.A.I.N.
Sintaasih D.K,Marhaeni A.A.I.N.
Waverijn G,Heijmans M
Waverijn G,Groenewegen P.P.
Heijmans M,Groenewegen P.P.
Baklashova T.A,Galimova E.G
Baklashova T.A,Baklashova O.N.
Galimova E.G,Baklashova O.N.
Habibov N,Afandi E.
Sun Y,Shang R.-A.
Mulyana N,Krisnani H
Mulyana N,Resnawaty R.
Krisnani H,Resnawaty R.
Banerjee S.B,Jackson L.
Suhairom N,Mokhtar M
Suhairom N,Halim N.D
Suhairom N,Ali M
Suhairom N,Ali D.F
Suhairom N,Ibrahim N.H
Suhairom N,Tajuddin H.A.
Mokhtar M,Halim N.D
Mokhtar M,Ali M
Mokhtar M,Ali D.F
Mokhtar M,Ibrahim N.H
Mokhtar M,Tajuddin H.A.
Halim N.D,Ali M
Halim N.D,Ali D.F
Halim N.D,Ibrahim N.H
Halim N.D,Tajuddin H.A.
Ali M,Ali D.F
Ali M,Ibrahim N.H
Ali M,Tajuddin H.A.
Ali D.F,Ibrahim N.H
Ali D.F,Tajuddin H.A.
Ibrahim N.H,Tajuddin H.A.
Hassan A.I,Baharom M.N
Hassan A.I,Abdul Mutalib R.
Baharom M.N,Abdul Mutalib R.
Sinclair T.J,Grieve R.
Pall Z,De Koning M.
Bartolini S,Mikucka M
Bartolini S,Sarracino F.
Mikucka M,Sarracino F.
Mishra A.K,Kar A.
Hedenborg-White M,Gregorius F.
Hiers W,Soehl T
Hiers W,Wimmer A.
Soehl T,Wimmer A.
Baker F.A,Jeanneret N
Baker F.A,Kelaher M.
Jeanneret N,Kelaher M.
Hastorf C.A,Foxhall L.
Håkansson P,Tovatt C.
Agbiji E,Agbiji O.M.
Morris J,Farrell C
Morris J,Reed M.
Farrell C,Reed M.
Gangl K,Torgler B
Gangl K,Kirchler E.
Torgler B,Kirchler E.
Barrington D.J,Sridharan S
Barrington D.J,Saunders S.G
Barrington D.J,Souter R.T
Barrington D.J,Bartram J
Barrington D.J,Shields K.F
Barrington D.J,Meo S
Barrington D.J,Kearton A
Barrington D.J,Hughes R.K.
Sridharan S,Saunders S.G
Sridharan S,Souter R.T
Sridharan S,Bartram J
Sridharan S,Shields K.F
Sridharan S,Meo S
Sridharan S,Kearton A
Sridharan S,Hughes R.K.
Saunders S.G,Souter R.T
Saunders S.G,Bartram J
Saunders S.G,Shields K.F
Saunders S.G,Meo S
Saunders S.G,Kearton A
Saunders S.G,Hughes R.K.
Souter R.T,Bartram J
Souter R.T,Shields K.F
Souter R.T,Meo S
Souter R.T,Kearton A
Souter R.T,Hughes R.K.
Bartram J,Shields K.F
Bartram J,Meo S
Bartram J,Kearton A
Bartram J,Hughes R.K.
Shields K.F,Meo S
Shields K.F,Kearton A
Shields K.F,Hughes R.K.
Meo S,Kearton A
Meo S,Hughes R.K.
Kearton A,Hughes R.K.
Kirkbesoglu E,Sargut A.S.
Öhlmann P,Frost M.-L
Öhlmann P,Gräb W.
Frost M.-L,Gräb W.
Chumg H.-F,Seaton J
Chumg H.-F,Cooke L
Chumg H.-F,Ding W.-Y.
Seaton J,Cooke L
Seaton J,Ding W.-Y.
Cooke L,Ding W.-Y.
Yang X,Li G.
Patel S.A,Sherman S.G
Patel S.A,Khatry S.K
Patel S.A,LeClerq S.C
Patel S.A,Katz J
Patel S.A,Tielsch J.M
Patel S.A,Christian P.
Sherman S.G,Khatry S.K
Sherman S.G,LeClerq S.C
Sherman S.G,Katz J
Sherman S.G,Tielsch J.M
Sherman S.G,Christian P.
Khatry S.K,LeClerq S.C
Khatry S.K,Katz J
Khatry S.K,Tielsch J.M
Khatry S.K,Christian P.
LeClerq S.C,Katz J
LeClerq S.C,Tielsch J.M
LeClerq S.C,Christian P.
Katz J,Tielsch J.M
Katz J,Christian P.
Tielsch J.M,Christian P.
Ottoni C.A,Sims-Gould J
Ottoni C.A,Winters M
Ottoni C.A,Heijnen M
Ottoni C.A,McKay H.A.
Sims-Gould J,Winters M
Sims-Gould J,Heijnen M
Sims-Gould J,McKay H.A.
Winters M,Heijnen M
Winters M,McKay H.A.
Heijnen M,McKay H.A.
Bini M,Masserini L.
Eastwood J,Kemp L
Eastwood J,Jalaludin B.
Kemp L,Jalaludin B.
Foster S,Hooper P
Foster S,Knuiman M
Foster S,Giles-Corti B.
Hooper P,Knuiman M
Hooper P,Giles-Corti B.
Knuiman M,Giles-Corti B.
Ferguson J.E,Salominaite E
Ferguson J.E,Boersma K.
Salominaite E,Boersma K.
Lafferty L,Treloar C
Lafferty L,Chambers G.M
Lafferty L,Butler T
Lafferty L,Guthrie J.
Treloar C,Chambers G.M
Treloar C,Butler T
Treloar C,Guthrie J.
Chambers G.M,Butler T
Chambers G.M,Guthrie J.
Butler T,Guthrie J.
Aragón C,Narvaiza L
Aragón C,Altuna M.
Narvaiza L,Altuna M.
Chen R,Sharma S.K
Chen R,Raghav Rao H.
Sharma S.K,Raghav Rao H.
Grasmuck S,Hinze A.M.
Ichinkhorloo B,Yeh E.T.
Hauser C,Perkmann U
Hauser C,Puntscher S
Hauser C,Walde J
Hauser C,Tappeiner G.
Perkmann U,Puntscher S
Perkmann U,Walde J
Perkmann U,Tappeiner G.
Puntscher S,Walde J
Puntscher S,Tappeiner G.
Walde J,Tappeiner G.
Son J.-E,Lee S.-H
Son J.-E,Cho E.-Y
Son J.-E,Kim H.-W.
Lee S.-H,Cho E.-Y
Lee S.-H,Kim H.-W.
Cho E.-Y,Kim H.-W.
Guagnano G,Santarelli E
Guagnano G,Santini I.
Santarelli E,Santini I.
Chang C.-M,Hsu M.-H.
Veerman G.-J.M,Dronkers J.
Wilkins A.M,Hermanson D.R
Wilkins A.M,Cohen J.R.
Hermanson D.R,Cohen J.R.
Ter Wal A.L.J,Alexy O
Ter Wal A.L.J,Block J
Ter Wal A.L.J,Sandner P.G.
Alexy O,Block J
Alexy O,Sandner P.G.
Block J,Sandner P.G.
Fenster T,Eizenberg E.
Trujillo M.D,Plough A.
Leung M.R,Chin J.J
Leung M.R,Petrescu-Prahova M.
Chin J.J,Petrescu-Prahova M.
Levin D.Z,Walter J
Levin D.Z,Appleyard M.M
Levin D.Z,Cross R.
Walter J,Appleyard M.M
Walter J,Cross R.
Appleyard M.M,Cross R.
Landstedt E,Almquist Y.B
Landstedt E,Eriksson M
Landstedt E,Hammarström A.
Almquist Y.B,Eriksson M
Almquist Y.B,Hammarström A.
Eriksson M,Hammarström A.
Dima B,Dima Ş.M.
Doyle D.M,Molix L.
Botha J,Kourkoutas E.
Zack T,Estifanos Y.S.
Rahayu T.P,Harmadi S.H.B.
Pasimeni F,Pasimeni P.
Levordashka A,Utz S.
Lyytikäinen L,Kemppainen T.
Schafer M.H,Vargas N.
Arnorsson A,Zoega G.
Growiec K,Growiec J.
Carrasco M.A,Bilal U.
Plascak J.J,Molina Y
Plascak J.J,Wu-Georges S
Plascak J.J,Idris A
Plascak J.J,Thompson B.
Molina Y,Wu-Georges S
Molina Y,Idris A
Molina Y,Thompson B.
Wu-Georges S,Idris A
Wu-Georges S,Thompson B.
Idris A,Thompson B.
Schwadel P,Cheadle J.E
Schwadel P,Malone S.E
Schwadel P,Stout M.
Cheadle J.E,Malone S.E
Cheadle J.E,Stout M.
Malone S.E,Stout M.
Olesen K.G,Hasle P
Olesen K.G,Sørensen O.H.
Hasle P,Sørensen O.H.
Park J.J,Sharma G.
Smokowski P.R,Guo S
Smokowski P.R,Cotter K.L
Smokowski P.R,Evans C.B.R
Smokowski P.R,Rose R.A.
Guo S,Cotter K.L
Guo S,Evans C.B.R
Guo S,Rose R.A.
Cotter K.L,Evans C.B.R
Cotter K.L,Rose R.A.
Evans C.B.R,Rose R.A.
Lippman S.A,Neilands T.B
Lippman S.A,Leslie H.H
Lippman S.A,Maman S
Lippman S.A,MacPhail C
Lippman S.A,Twine R
Lippman S.A,Peacock D
Lippman S.A,Kahn K
Lippman S.A,Pettifor A.
Neilands T.B,Leslie H.H
Neilands T.B,Maman S
Neilands T.B,MacPhail C
Neilands T.B,Twine R
Neilands T.B,Peacock D
Neilands T.B,Kahn K
Neilands T.B,Pettifor A.
Leslie H.H,Maman S
Leslie H.H,MacPhail C
Leslie H.H,Twine R
Leslie H.H,Peacock D
Leslie H.H,Kahn K
Leslie H.H,Pettifor A.
Maman S,MacPhail C
Maman S,Twine R
Maman S,Peacock D
Maman S,Kahn K
Maman S,Pettifor A.
MacPhail C,Twine R
MacPhail C,Peacock D
MacPhail C,Kahn K
MacPhail C,Pettifor A.
Twine R,Peacock D
Twine R,Kahn K
Twine R,Pettifor A.
Peacock D,Kahn K
Peacock D,Pettifor A.
Kahn K,Pettifor A.
Osman I,Maryam Jameelah M.H
Osman I,Noordin F
Osman I,Daud N.
Maryam Jameelah M.H,Noordin F
Maryam Jameelah M.H,Daud N.
Noordin F,Daud N.
Nikolaev B,Salahodjaev R.
Yotsui M,Campbell C
Yotsui M,Honma T.
Campbell C,Honma T.
Misāne A,Niklass M.
Condon M,Lavery L
Condon M,Engle P.J.
Lavery L,Engle P.J.
Ahmad S,Mustafa M
Ahmad S,Ullah A.
Mustafa M,Ullah A.
Cao J.X,Ding Y
Cao J.X,Zhang H.
Ding Y,Zhang H.
Fitz B.M,Lyon L
Fitz B.M,Driskell R.
Lyon L,Driskell R.
Saleh A,Metalisa R
Saleh A,Mukhlishah N.
Metalisa R,Mukhlishah N.
Lindström M,Giordano G.N.
Croom C,Gross B
Croom C,Rosen L.D
Croom C,Rosen B.
Gross B,Rosen L.D
Gross B,Rosen B.
Rosen L.D,Rosen B.
Jiang Z,Hu X.
Gyan C,Ampomah A.O.
Lamu A.N,Olsen J.A.
Xia Y,Zhang L
Xia Y,Zhao N.
Zhang L,Zhao N.
Choy J,McCormack D
Choy J,Djurkovic N.
McCormack D,Djurkovic N.
Tsuboya T,Tsutsumi A
Tsuboya T,Kawachi I.
Tsutsumi A,Kawachi I.
Kwahk K.-Y,Park D.-H.
Alary V,Messad S
Alary V,Daoud I
Alary V,Aboul-Naga A
Alary V,Osman M.A
Alary V,Bonnet P
Alary V,Tourrand J.-F.
Messad S,Daoud I
Messad S,Aboul-Naga A
Messad S,Osman M.A
Messad S,Bonnet P
Messad S,Tourrand J.-F.
Daoud I,Aboul-Naga A
Daoud I,Osman M.A
Daoud I,Bonnet P
Daoud I,Tourrand J.-F.
Aboul-Naga A,Osman M.A
Aboul-Naga A,Bonnet P
Aboul-Naga A,Tourrand J.-F.
Osman M.A,Bonnet P
Osman M.A,Tourrand J.-F.
Bonnet P,Tourrand J.-F.
Koopmans R,Schaeffer M.
Lönnqvist J.-E,Große Deters F.
Putra I.N.D,Creese H.
Ismail R,Mahfodz N.D
Ismail R,Sulaiman N.
Mahfodz N.D,Sulaiman N.
MacLean P,Bridgemohan A
MacLean P,Meinhard A.
Bridgemohan A,Meinhard A.
Ruef M,Kwon S.-W.
Puntscher S,Hauser C
Puntscher S,Walde J
Puntscher S,Tappeiner G.
Hauser C,Walde J
Hauser C,Tappeiner G.
Walde J,Tappeiner G.
Piwek L,Joinson A.
Hendriks M,Ludwigs K
Hendriks M,Veenhoven R.
Ludwigs K,Veenhoven R.
González E.S.U,Antúnez J.V.V.
Ilovan O.-R,Jordan P
Ilovan O.-R,Kinga-Xénia H.-N
Ilovan O.-R,Zametter T.
Jordan P,Kinga-Xénia H.-N
Jordan P,Zametter T.
Kinga-Xénia H.-N,Zametter T.
Cheung C.-K,Ngai S.S.-Y.
Rafique Z,Khoo S.L
Rafique Z,Idrees M.W.
Khoo S.L,Idrees M.W.
Burmeister O.K,Marks E.
Emerson E,Llewellyn G
Emerson E,Hatton C
Emerson E,Hindmarsh G
Emerson E,Robertson J
Emerson E,Man W.Y.N
Emerson E,Baines S.
Llewellyn G,Hatton C
Llewellyn G,Hindmarsh G
Llewellyn G,Robertson J
Llewellyn G,Man W.Y.N
Llewellyn G,Baines S.
Hatton C,Hindmarsh G
Hatton C,Robertson J
Hatton C,Man W.Y.N
Hatton C,Baines S.
Hindmarsh G,Robertson J
Hindmarsh G,Man W.Y.N
Hindmarsh G,Baines S.
Robertson J,Man W.Y.N
Robertson J,Baines S.
Man W.Y.N,Baines S.
Casagrande D.G,McLlvaine-Newsad H
Casagrande D.G,Jones E.C.
McLlvaine-Newsad H,Jones E.C.
Bowman B,Stevens G
Bowman B,Eagle G
Bowman B,Langa M
Bowman B,Kramer S
Bowman B,Kiguwa P
Bowman B,Nduna M.
Stevens G,Eagle G
Stevens G,Langa M
Stevens G,Kramer S
Stevens G,Kiguwa P
Stevens G,Nduna M.
Eagle G,Langa M
Eagle G,Kramer S
Eagle G,Kiguwa P
Eagle G,Nduna M.
Langa M,Kramer S
Langa M,Kiguwa P
Langa M,Nduna M.
Kramer S,Kiguwa P
Kramer S,Nduna M.
Kiguwa P,Nduna M.
Goetz S.J,Davlasheridze M
Goetz S.J,Han Y.
Davlasheridze M,Han Y.
Husain S,Yasmin S
Husain S,Islam M.S.
Yasmin S,Islam M.S.
Alexseev M.A,Zhemukhov S.N.
Inaba Y,Wada Y
Inaba Y,Ichida Y
Inaba Y,Nishikawa M.
Wada Y,Ichida Y
Wada Y,Nishikawa M.
Ichida Y,Nishikawa M.
Chan E.Y,Saqib N.U.
Wang C.-H,Yen C.-D
Wang C.-H,Liu G.H.W.
Yen C.-D,Liu G.H.W.
Yu G,Sessions J.G
Yu G,Fu Y
Yu G,Wall M.
Sessions J.G,Fu Y
Sessions J.G,Wall M.
Fu Y,Wall M.
Sieverding M,Liu J
Sieverding M,Beyeler N.
Liu J,Beyeler N.
Rönnerstrand B,Andersson Sundell K.
Grieve R,Kemp N.
Hoskins B,Saisana M
Hoskins B,Villalba C.M.H.
Saisana M,Villalba C.M.H.
Hunt C.A,Durham W.H
Hunt C.A,Menke C.M.
Durham W.H,Menke C.M.
Nielsen L,Koushede V
Nielsen L,Vinther-Larsen M
Nielsen L,Bendtsen P
Nielsen L,Ersbøll A.K
Nielsen L,Due P
Nielsen L,Holstein B.E.
Koushede V,Vinther-Larsen M
Koushede V,Bendtsen P
Koushede V,Ersbøll A.K
Koushede V,Due P
Koushede V,Holstein B.E.
Vinther-Larsen M,Bendtsen P
Vinther-Larsen M,Ersbøll A.K
Vinther-Larsen M,Due P
Vinther-Larsen M,Holstein B.E.
Bendtsen P,Ersbøll A.K
Bendtsen P,Due P
Bendtsen P,Holstein B.E.
Ersbøll A.K,Due P
Ersbøll A.K,Holstein B.E.
Due P,Holstein B.E.
Fortenberry B,Carlson J.
Gurven M,Jaeggi A.V
Gurven M,Von Rueden C
Gurven M,Hooper P.L
Gurven M,Kaplan H.
Jaeggi A.V,Von Rueden C
Jaeggi A.V,Hooper P.L
Jaeggi A.V,Kaplan H.
Von Rueden C,Hooper P.L
Von Rueden C,Kaplan H.
Hooper P.L,Kaplan H.
Akın U,Akın A.
Marin A,Mitchell R.K
Marin A,Lee J.H.
Mitchell R.K,Lee J.H.
Dean L.T,Hillier A
Dean L.T,Chau-Glendinning H
Dean L.T,Subramanian S.V
Dean L.T,Williams D.R
Dean L.T,Kawachi I.
Hillier A,Chau-Glendinning H
Hillier A,Subramanian S.V
Hillier A,Williams D.R
Hillier A,Kawachi I.
Chau-Glendinning H,Subramanian S.V
Chau-Glendinning H,Williams D.R
Chau-Glendinning H,Kawachi I.
Subramanian S.V,Williams D.R
Subramanian S.V,Kawachi I.
Williams D.R,Kawachi I.
Seun A.O,Kalsom A.W.
Burganov R.A,Mixailovich B.G
Burganov R.A,Raisovich B.B.
Mixailovich B.G,Raisovich B.B.
Vancea M,Boso Á.
Kodila-Tedika O,Asongu S.A.
Pastoriza D,Arino M.A
Pastoriza D,Ricart J.E
Pastoriza D,Canela M.A.
Arino M.A,Ricart J.E
Arino M.A,Canela M.A.
Ricart J.E,Canela M.A.
Mannetti L.M,Esler K.J
Mannetti L.M,Knight A.T
Mannetti L.M,Vance-Borland K.
Esler K.J,Knight A.T
Esler K.J,Vance-Borland K.
Knight A.T,Vance-Borland K.
Shen C,Chen W.
Meng J,Williams D
Meng J,Shen C.
Williams D,Shen C.
Zhang F,Kaufman D.
Schmidt S.C,Sleddens E.F.C
Schmidt S.C,de Vries S.I
Schmidt S.C,Gubbels J
Schmidt S.C,Thijs C.
Sleddens E.F.C,de Vries S.I
Sleddens E.F.C,Gubbels J
Sleddens E.F.C,Thijs C.
de Vries S.I,Gubbels J
de Vries S.I,Thijs C.
Gubbels J,Thijs C.
Cooke M,O’Sullivan E.
Adnan H.M,Mavi S.R.
Rheinländer T,Samuelsen H
Rheinländer T,Dalsgaard A
Rheinländer T,Konradsen F.
Samuelsen H,Dalsgaard A
Samuelsen H,Konradsen F.
Dalsgaard A,Konradsen F.
Wu Q,Lu D
Wu Q,Kang M.
Lu D,Kang M.
Akçali E,Korkut U.
Wen M,Su S
Wen M,Li X
Wen M,Lin D.
Su S,Li X
Su S,Lin D.
Li X,Lin D.
Eriksson M,Ng N.
Li T,Zhang Y.
Meffert S.M,McCulloch C.E
Meffert S.M,Neylan T.C
Meffert S.M,Gandhi M
Meffert S.M,Lund C.
McCulloch C.E,Neylan T.C
McCulloch C.E,Gandhi M
McCulloch C.E,Lund C.
Neylan T.C,Gandhi M
Neylan T.C,Lund C.
Gandhi M,Lund C.
Greco G,Skordis-Worrall J
Greco G,Mkandawire B
Greco G,Mills A.
Skordis-Worrall J,Mkandawire B
Skordis-Worrall J,Mills A.
Mkandawire B,Mills A.
Haase R,Michie M
Haase R,Skinner D.
Michie M,Skinner D.
Trovão S.S,Ramalho S.C.C
Trovão S.S,David M.I.P.T.
Ramalho S.C.C,David M.I.P.T.
Ding N,Berry H.L
Ding N,OBrien L.V.
Berry H.L,OBrien L.V.
Markwick A,Ansari Z
Markwick A,Sullivan M
Markwick A,McNeil J.
Ansari Z,Sullivan M
Ansari Z,McNeil J.
Sullivan M,McNeil J.
Mithen J,Aitken Z
Mithen J,Ziersch A
Mithen J,Kavanagh A.M.
Aitken Z,Ziersch A
Aitken Z,Kavanagh A.M.
Ziersch A,Kavanagh A.M.
Laudone R,Liguori E.W
Laudone R,Muldoon J
Laudone R,Bendickson J.
Liguori E.W,Muldoon J
Liguori E.W,Bendickson J.
Muldoon J,Bendickson J.
Muniady R.A,Mamun A.A
Muniady R.A,Rosli Mohamad M
Muniady R.A,Yukthamarani Permarupan P
Muniady R.A,Binti Zainol N.R.
Mamun A.A,Rosli Mohamad M
Mamun A.A,Yukthamarani Permarupan P
Mamun A.A,Binti Zainol N.R.
Rosli Mohamad M,Yukthamarani Permarupan P
Rosli Mohamad M,Binti Zainol N.R.
Yukthamarani Permarupan P,Binti Zainol N.R.
Mohnen S.M,Völker B
Mohnen S.M,Flap H
Mohnen S.M,Subramanian S.V
Mohnen S.M,Groenewegen P.P.
Völker B,Flap H
Völker B,Subramanian S.V
Völker B,Groenewegen P.P.
Flap H,Subramanian S.V
Flap H,Groenewegen P.P.
Subramanian S.V,Groenewegen P.P.
Sanchez-Famoso V,Akhter N
Sanchez-Famoso V,Iturralde T
Sanchez-Famoso V,Chirico F
Sanchez-Famoso V,Maseda A.
Akhter N,Iturralde T
Akhter N,Chirico F
Akhter N,Maseda A.
Iturralde T,Chirico F
Iturralde T,Maseda A.
Chirico F,Maseda A.
Murayama H,Nofuji Y
Murayama H,Matsuo E
Murayama H,Nishi M
Murayama H,Taniguchi Y
Murayama H,Fujiwara Y
Murayama H,Shinkai S.
Nofuji Y,Matsuo E
Nofuji Y,Nishi M
Nofuji Y,Taniguchi Y
Nofuji Y,Fujiwara Y
Nofuji Y,Shinkai S.
Matsuo E,Nishi M
Matsuo E,Taniguchi Y
Matsuo E,Fujiwara Y
Matsuo E,Shinkai S.
Nishi M,Taniguchi Y
Nishi M,Fujiwara Y
Nishi M,Shinkai S.
Taniguchi Y,Fujiwara Y
Taniguchi Y,Shinkai S.
Fujiwara Y,Shinkai S.
Lee C.-J,Kam J.A.
Koutsogeorgou E,Nyqvist F
Koutsogeorgou E,Nygård M
Koutsogeorgou E,Cerniauskaite M
Koutsogeorgou E,Quintas R
Koutsogeorgou E,Raggi A
Koutsogeorgou E,Leonardi M.
Nyqvist F,Nygård M
Nyqvist F,Cerniauskaite M
Nyqvist F,Quintas R
Nyqvist F,Raggi A
Nyqvist F,Leonardi M.
Nygård M,Cerniauskaite M
Nygård M,Quintas R
Nygård M,Raggi A
Nygård M,Leonardi M.
Cerniauskaite M,Quintas R
Cerniauskaite M,Raggi A
Cerniauskaite M,Leonardi M.
Quintas R,Raggi A
Quintas R,Leonardi M.
Raggi A,Leonardi M.
Nasution A,Rustiadi E
Nasution A,Juanda B
Nasution A,Hadi S.
Rustiadi E,Juanda B
Rustiadi E,Hadi S.
Juanda B,Hadi S.
Farouk A.F.A,Husin A.
Maher G,Cawley M.
Fukui H.M,Menjívar C.
Patulny R,Siminski P
Patulny R,Mendolia S.
Siminski P,Mendolia S.
Harding J.F,Morris P.A
Harding J.F,Hughes D.
Morris P.A,Hughes D.
Leonard R.J,Pepper M.D.
Aldrich D.P,Sawada Y.
Ng S.I,Ang S.C
Ng S.I,Tee K.K.
Ang S.C,Tee K.K.
Phan M.B,Banerjee R
Phan M.B,Deacon L
Phan M.B,Taraky H.
Banerjee R,Deacon L
Banerjee R,Taraky H.
Deacon L,Taraky H.
McLellan J,White M.
Gutiérrez A,Assusa G.
Demetry D,Thurk J
Demetry D,Fine G.A.
Thurk J,Fine G.A.
Abbas R,Mesch G.S.
Scott P,Walker J.T.
Fletcher T,Walle T.
Velame Z.L,Venturelli S
Velame Z.L,Bettella C.
Venturelli S,Bettella C.
Griesshaber N,Seibel V.
van Ingen E,Bekkers R.
Van Jaarsveld M.C,Mentz P.J
Van Jaarsveld M.C,Challens B.
Mentz P.J,Challens B.
Centola D,van de Rijt A.
Sánchez-Franco M.J,Roldán J.L.
Mowlabocus S,Harbottle J
Mowlabocus S,Tooke B
Mowlabocus S,Haslop C
Mowlabocus S,Dasgupta R.K.
Harbottle J,Tooke B
Harbottle J,Haslop C
Harbottle J,Dasgupta R.K.
Tooke B,Haslop C
Tooke B,Dasgupta R.K.
Haslop C,Dasgupta R.K.
Cruz E.G,Thornham H.
Morse N,Thomson L.J.M
Morse N,Brown Z
Morse N,Chatterjee H.J.
Thomson L.J.M,Brown Z
Thomson L.J.M,Chatterjee H.J.
Brown Z,Chatterjee H.J.
Kačerauskas T,Tamošauskas P.
Habibov N,Afandi E.
Menshikov A.V,Kalabashkina Y.V
Menshikov A.V,Zverev S.A.
Kalabashkina Y.V,Zverev S.A.
van Meeteren M,Mascini P
van Meeteren M,van den Berg D.
Mascini P,van den Berg D.
Nikolaeva A.N,Antipova E.A
Nikolaeva A.N,Belov G.L
Nikolaeva A.N,Malova E.A
Nikolaeva A.N,Tsaregorodtsev E.I.
Antipova E.A,Belov G.L
Antipova E.A,Malova E.A
Antipova E.A,Tsaregorodtsev E.I.
Belov G.L,Malova E.A
Belov G.L,Tsaregorodtsev E.I.
Malova E.A,Tsaregorodtsev E.I.
Duvendack M,Maclean K.
Moyano Barahona C,Ortega Martínez L
Moyano Barahona C,Rivas Rodríguez J.
Ortega Martínez L,Rivas Rodríguez J.
Ibarra A,Carlos A.
Park S,Kaplan D.
Ory B,Huijts T.
Yan K,Luo O.
Li Y,Hunter C.
Dekker R,Belabas W
Dekker R,Scholten P.
Belabas W,Scholten P.
Carr D.C,Fried L.P
Carr D.C,Rowe J.W.
Fried L.P,Rowe J.W.
Said H,Ahmad I
Said H,Yusof M.A.M
Said H,Jusoh A.
Ahmad I,Yusof M.A.M
Ahmad I,Jusoh A.
Yusof M.A.M,Jusoh A.
Dalziel R,Willis M.
Cuevas H,Morales M
Cuevas H,Rojas J
Cuevas H,Aubry M.
Morales M,Rojas J
Morales M,Aubry M.
Rojas J,Aubry M.
Roy M.J,Donaldson C
Roy M.J,Baker R
Roy M.J,Kerr S.
Donaldson C,Baker R
Donaldson C,Kerr S.
Baker R,Kerr S.
Olafsdottir S,Bakhtiari E
Olafsdottir S,Barman E.
Bakhtiari E,Barman E.
Menon M,Pendakur R
Menon M,Perali F.
Pendakur R,Perali F.
Salehi A,Harris N
Salehi A,Marzban M
Salehi A,Coyne E.
Harris N,Marzban M
Harris N,Coyne E.
Marzban M,Coyne E.
Luscombe L.D,Kazdal V.
Verduin F,Smid G.E
Verduin F,Wind T.R
Verduin F,Scholte W.F.
Smid G.E,Wind T.R
Smid G.E,Scholte W.F.
Wind T.R,Scholte W.F.
Smith N.D.L,Kawachi I.
Wang P,Chen X
Wang P,Gong J
Wang P,Jacques-Tiura A.J.
Chen X,Gong J
Chen X,Jacques-Tiura A.J.
Gong J,Jacques-Tiura A.J.
Liu H,Zheng J.
De Clercq B,Pfoertner T.-K
De Clercq B,Elgar F.J
De Clercq B,Hublet A
De Clercq B,Maes L.
Pfoertner T.-K,Elgar F.J
Pfoertner T.-K,Hublet A
Pfoertner T.-K,Maes L.
Elgar F.J,Hublet A
Elgar F.J,Maes L.
Hublet A,Maes L.
Bisung E,Elliott S.J
Bisung E,Schuster-Wallace C.J
Bisung E,Karanja D.M
Bisung E,Bernard A.
Elliott S.J,Schuster-Wallace C.J
Elliott S.J,Karanja D.M
Elliott S.J,Bernard A.
Schuster-Wallace C.J,Karanja D.M
Schuster-Wallace C.J,Bernard A.
Karanja D.M,Bernard A.
Pratono A.H,Mahmood R.
Satpathy I,Patnaik B.C.M
Satpathy I,Das P.K.
Patnaik B.C.M,Das P.K.
Blanchard T,Stroope S
Blanchard T,Tolbert C.
Stroope S,Tolbert C.
Mata F,Pendakur R.
Galindo-Pérez-de-Azpillaga L,Foronda-Robles C
Galindo-Pérez-de-Azpillaga L,García-López A.
Foronda-Robles C,García-López A.
Heiskanen T,Jokinen E.
Haslam C,Cruwys T
Haslam C,Haslam S.A.
Cruwys T,Haslam S.A.
Magsamen-Conrad K,Billotte-Verhoff C
Magsamen-Conrad K,Greene K.
Billotte-Verhoff C,Greene K.
Chumg H.-F,Cooke L
Chumg H.-F,Fry J
Chumg H.-F,Hung I.-H.
Cooke L,Fry J
Cooke L,Hung I.-H.
Fry J,Hung I.-H.
Schreurs B,De Laat M.
Pena López J.A,Sánchez Santos J.M.
Hallett M,Johnson B.
Podolinská T,Hrustič T.
Marzuki N.A,Ahmad N.A
Marzuki N.A,Hamid A.S.A
Marzuki N.A,Ishak M.S.
Ahmad N.A,Hamid A.S.A
Ahmad N.A,Ishak M.S.
Hamid A.S.A,Ishak M.S.
Strong K,Ossei-Owusu S.
Lovell S.A,Gray A.R
Lovell S.A,Boucher S.E.
Gray A.R,Boucher S.E.
Maghrabi R.O,Oakley R.L
Maghrabi R.O,Nemati H.R.
Oakley R.L,Nemati H.R.
Nyqvist F,Pape B
Nyqvist F,Pellfolk T
Nyqvist F,Forsman A.K
Nyqvist F,Wahlbeck K.
Pape B,Pellfolk T
Pape B,Forsman A.K
Pape B,Wahlbeck K.
Pellfolk T,Forsman A.K
Pellfolk T,Wahlbeck K.
Forsman A.K,Wahlbeck K.
Chou H.-W,Lin Y.-H
Chou H.-W,Lu H.-S
Chou H.-W,Chang H.-H
Chou H.-W,Chou S.-B.
Lin Y.-H,Lu H.-S
Lin Y.-H,Chang H.-H
Lin Y.-H,Chou S.-B.
Lu H.-S,Chang H.-H
Lu H.-S,Chou S.-B.
Chang H.-H,Chou S.-B.
Gerber J,Turner S
Gerber J,Milgram B.
Turner S,Milgram B.
Díaz-Gibson J,Civís-Zaragoza M
Díaz-Gibson J,Guàrdia-Olmos J.
Civís-Zaragoza M,Guàrdia-Olmos J.
Prins R.G,Beenackers M.A
Prins R.G,Boog M.C
Prins R.G,Van Lenthe F.J
Prins R.G,Brug J
Prins R.G,Oenema A.
Beenackers M.A,Boog M.C
Beenackers M.A,Van Lenthe F.J
Beenackers M.A,Brug J
Beenackers M.A,Oenema A.
Boog M.C,Van Lenthe F.J
Boog M.C,Brug J
Boog M.C,Oenema A.
Van Lenthe F.J,Brug J
Van Lenthe F.J,Oenema A.
Brug J,Oenema A.
Riumallo-Herl C.J,Kawachi I
Riumallo-Herl C.J,Avendano M.
Kawachi I,Avendano M.
Herian M.N,Tay L
Herian M.N,Hamm J.A
Herian M.N,Diener E.
Tay L,Hamm J.A
Tay L,Diener E.
Hamm J.A,Diener E.
Dean L,Subramanian S.V
Dean L,Williams D.R
Dean L,Armstrong K
Dean L,Charles C.Z
Dean L,Kawachi I.
Subramanian S.V,Williams D.R
Subramanian S.V,Armstrong K
Subramanian S.V,Charles C.Z
Subramanian S.V,Kawachi I.
Williams D.R,Armstrong K
Williams D.R,Charles C.Z
Williams D.R,Kawachi I.
Armstrong K,Charles C.Z
Armstrong K,Kawachi I.
Charles C.Z,Kawachi I.
Chen D,Yang T.-C.
Grytten J,Skau I
Grytten J,Sørensen R.J.
Skau I,Sørensen R.J.
Masadeh R.M.T,Maqableh M.M
Masadeh R.M.T,Karajeh H.
Maqableh M.M,Karajeh H.
Said M.M,Muhammad N
Said M.M,Elangkovan K.
Muhammad N,Elangkovan K.
Puntscher S,Hauser C
Puntscher S,Pichler K
Puntscher S,Tappeiner G.
Hauser C,Pichler K
Hauser C,Tappeiner G.
Pichler K,Tappeiner G.
Rostami S,Shenasaei H
Rostami S,Shirvani F.
Shenasaei H,Shirvani F.
Park C.-H,Koo J.-H.
Shahidul Islam M,Shafiul Alam M.
June S,Khar Kheng Y.
Kotarski H,Kinal J.
Chen X,Wang P
Chen X,Wegner R
Chen X,Gong J
Chen X,Fang X
Chen X,Kaljee L.
Wang P,Wegner R
Wang P,Gong J
Wang P,Fang X
Wang P,Kaljee L.
Wegner R,Gong J
Wegner R,Fang X
Wegner R,Kaljee L.
Gong J,Fang X
Gong J,Kaljee L.
Fang X,Kaljee L.
Lee E,Kim Y.J
Lee E,Ahn J.
Kim Y.J,Ahn J.
Li X,Chen W.
Flores E.C,Carnero A.M
Flores E.C,Bayer A.M.
Carnero A.M,Bayer A.M.
Liu D,Brown B.B.
Balkanlioglu M.A,Irmak F.
Carpiano R.M,Fitterer L.M.
Shen C,Monge P
Shen C,Williams D.
Monge P,Williams D.
Yetim N,Yetim Ü.
Chung S,Choi H
Chung S,Lee S.S.-Y.
Choi H,Lee S.S.-Y.
Jang J,Dworkin J.
Frank C,Davis C.G
Frank C,Elgar F.J.
Davis C.G,Elgar F.J.
Hu L,Randel A.E.
Richmond T.K,Milliren C
Richmond T.K,Walls C.E
Richmond T.K,Kawachi I.
Milliren C,Walls C.E
Milliren C,Kawachi I.
Walls C.E,Kawachi I.
Richardson J.B,Johnson W.E
Richardson J.B,St
Richardson J.B,Vil C.
Johnson W.E,St
Johnson W.E,Vil C.
St,Vil C.
Ko M,Derose K.P
Ko M,Needleman J
Ko M,Ponce N.A.
Derose K.P,Needleman J
Derose K.P,Ponce N.A.
Needleman J,Ponce N.A.
Reer F,Krämer N.C.
Ekici T,Koydemir S.
Giugni M,Michel N
Giugni M,Gianni M.
Michel N,Gianni M.
De Clercq D,Bouckenooghe D
De Clercq D,Raja U
De Clercq D,Matsyborska G.
Bouckenooghe D,Raja U
Bouckenooghe D,Matsyborska G.
Raja U,Matsyborska G.
Shaykhutdinov R,Achilov D.
De Santis M,Torcomian I.V.
Hall B.J,Tol W.A
Hall B.J,Jordans M.J.D
Hall B.J,Bass J
Hall B.J,de Jong J.T.V.M.
Tol W.A,Jordans M.J.D
Tol W.A,Bass J
Tol W.A,de Jong J.T.V.M.
Jordans M.J.D,Bass J
Jordans M.J.D,de Jong J.T.V.M.
Bass J,de Jong J.T.V.M.
Nikkhah H.A,Zhairinia M
Nikkhah H.A,Sadeghi S
Nikkhah H.A,Fani M.
Zhairinia M,Sadeghi S
Zhairinia M,Fani M.
Sadeghi S,Fani M.
Chou H.-W,Chang H.-H
Chou H.-W,Lin Y.-H
Chou H.-W,Chou S.-B.
Chang H.-H,Lin Y.-H
Chang H.-H,Chou S.-B.
Lin Y.-H,Chou S.-B.
Mladovsky P,Soors W
Mladovsky P,Ndiaye P
Mladovsky P,Ndiaye A
Mladovsky P,Criel B.
Soors W,Ndiaye P
Soors W,Ndiaye A
Soors W,Criel B.
Ndiaye P,Ndiaye A
Ndiaye P,Criel B.
Ndiaye A,Criel B.
Samuel L.J,Commodore-Mensah Y
Samuel L.J,Dennison Himmelfarb C.R.
Commodore-Mensah Y,Dennison Himmelfarb C.R.
Vilakazi F,Dinbabo M.F.
Economou M,Madianos M
Economou M,Peppou L.E
Economou M,Souliotis K
Economou M,Patelakis A
Economou M,Stefanis C.
Madianos M,Peppou L.E
Madianos M,Souliotis K
Madianos M,Patelakis A
Madianos M,Stefanis C.
Peppou L.E,Souliotis K
Peppou L.E,Patelakis A
Peppou L.E,Stefanis C.
Souliotis K,Patelakis A
Souliotis K,Stefanis C.
Patelakis A,Stefanis C.
Moore M.D,Recker N.L
Moore M.D,Heirigs M.
Recker N.L,Heirigs M.
Asal V.H,Nagar N
Asal V.H,Rethemeyer R.K.
Nagar N,Rethemeyer R.K.
Toya H,Skidmore M.
Lee M.R,Yen D.C
Lee M.R,Hsiao C.Y.
Yen D.C,Hsiao C.Y.
Lu H.-P,Yang Y.-W.
Christensen V.T,Carpiano R.M.
Bassett E,Moore S.
Pavlova M.K,Silbereisen R.K
Pavlova M.K,Sijko K.
Silbereisen R.K,Sijko K.
Domahidi E,Festl R
Domahidi E,Quandt T.
Festl R,Quandt T.
Benson V,Morgan S
Benson V,Filippaios F.
Morgan S,Filippaios F.
Long J,Hylton K
Long J,Spracklen K.
Hylton K,Spracklen K.
Manatschal A,Stadelmann-Steffen I.
Marino S,Chiro G.
Khoshdel M.K,Ghasemi V
Khoshdel M.K,Alikhah F.
Ghasemi V,Alikhah F.
Tampubolon G,Hanandita W.
Jirapramukpitak T,Abas M
Jirapramukpitak T,Tangchonlatip K
Jirapramukpitak T,Punpuing S.
Abas M,Tangchonlatip K
Abas M,Punpuing S.
Tangchonlatip K,Punpuing S.
Zeng G,Guan H
Zeng G,Chen F.
Guan H,Chen F.
Le Roy A,Offredi C
Le Roy A,Ottaviani F.
Offredi C,Ottaviani F.
Bhattacharya S.K,Das G.G.
Murphey T,Falout J
Murphey T,Fukuda T
Murphey T,Fukada Y.
Falout J,Fukuda T
Falout J,Fukada Y.
Fukuda T,Fukada Y.
Park J.Z,Griebel Rogers J
Park J.Z,Neubert M.J
Park J.Z,Dougherty K.D.
Griebel Rogers J,Neubert M.J
Griebel Rogers J,Dougherty K.D.
Neubert M.J,Dougherty K.D.
Briz i Godino I,Santos J.I
Briz i Godino I,Galán J.M
Briz i Godino I,Caro J
Briz i Godino I,Álvarez M
Briz i Godino I,Zurro D.
Santos J.I,Galán J.M
Santos J.I,Caro J
Santos J.I,Álvarez M
Santos J.I,Zurro D.
Galán J.M,Caro J
Galán J.M,Álvarez M
Galán J.M,Zurro D.
Caro J,Álvarez M
Caro J,Zurro D.
Álvarez M,Zurro D.
Ashraf H,Abtahi T.
Osafo J,Asampong E
Osafo J,Langmagne S
Osafo J,Ahiedeke C.
Asampong E,Langmagne S
Asampong E,Ahiedeke C.
Langmagne S,Ahiedeke C.
Kalter F,Kogan I.
Zhao X,Zhu Z.
Finardi K.R,Porcino M.C.
Mooney M.A,Manglos-Weber N.D.
Kang’ethe S.M,Khayundi F.
Bigman D.P,Lanzarone P.M.
Belon A.P,Nieuwendyk L.M
Belon A.P,Vallianatos H
Belon A.P,Nykiforuk C.I.J.
Nieuwendyk L.M,Vallianatos H
Nieuwendyk L.M,Nykiforuk C.I.J.
Vallianatos H,Nykiforuk C.I.J.
Jennings J.M,Hensel D.J
Jennings J.M,Tanner A.E
Jennings J.M,Reilly M.L
Jennings J.M,Ellen J.M.
Hensel D.J,Tanner A.E
Hensel D.J,Reilly M.L
Hensel D.J,Ellen J.M.
Tanner A.E,Reilly M.L
Tanner A.E,Ellen J.M.
Reilly M.L,Ellen J.M.
Petrikova I,Chadha D.
Vera-Toscano E,Garrido-Fernández F.E
Vera-Toscano E,Gómez-Limón J.A
Vera-Toscano E,Cañadas-Reche J.L.
Garrido-Fernández F.E,Gómez-Limón J.A
Garrido-Fernández F.E,Cañadas-Reche J.L.
Gómez-Limón J.A,Cañadas-Reche J.L.
Murayama H,Nishi M
Murayama H,Matsuo E
Murayama H,Nofuji Y
Murayama H,Shimizu Y
Murayama H,Taniguchi Y
Murayama H,Fujiwara Y
Murayama H,Shinkai S.
Nishi M,Matsuo E
Nishi M,Nofuji Y
Nishi M,Shimizu Y
Nishi M,Taniguchi Y
Nishi M,Fujiwara Y
Nishi M,Shinkai S.
Matsuo E,Nofuji Y
Matsuo E,Shimizu Y
Matsuo E,Taniguchi Y
Matsuo E,Fujiwara Y
Matsuo E,Shinkai S.
Nofuji Y,Shimizu Y
Nofuji Y,Taniguchi Y
Nofuji Y,Fujiwara Y
Nofuji Y,Shinkai S.
Shimizu Y,Taniguchi Y
Shimizu Y,Fujiwara Y
Shimizu Y,Shinkai S.
Taniguchi Y,Fujiwara Y
Taniguchi Y,Shinkai S.
Fujiwara Y,Shinkai S.
Bjørnskov C,Sønderskov K.M.
Becares L,Nazroo J.
Doerfel M.L,Chewning L.V
Doerfel M.L,Lai C.-H.
Chewning L.V,Lai C.-H.
Fieseler C,Fleck M.
Hobbis G,Hobbis S.
Saint-Blancat C.M,Zaltron F.
Sen S,Cowley J.
Glanville J.L,Andersson M.A.
Bouk F,Vedder P
Bouk F,Poel Y.
Vedder P,Poel Y.
Lu Y,Liang Z
Lu Y,Chunyu M.D.
Liang Z,Chunyu M.D.
Cruwys T,Dingle G.A
Cruwys T,Haslam C
Cruwys T,Haslam S.A
Cruwys T,Jetten J
Cruwys T,Morton T.A.
Dingle G.A,Haslam C
Dingle G.A,Haslam S.A
Dingle G.A,Jetten J
Dingle G.A,Morton T.A.
Haslam C,Haslam S.A
Haslam C,Jetten J
Haslam C,Morton T.A.
Haslam S.A,Jetten J
Haslam S.A,Morton T.A.
Jetten J,Morton T.A.
Chinsinga B,Chasukwa M
Chinsinga B,Zuka S.P.
Chasukwa M,Zuka S.P.
Liu P.H.E,Tannacito D.J.
Bravo O,González F.M
Bravo O,Carrera M.
González F.M,Carrera M.
Portela M,Neira I
Portela M,Salinas-Jiménez M.M.
Neira I,Salinas-Jiménez M.M.
Browne-Yung K,Ziersch A
Browne-Yung K,Baum F
Browne-Yung K,Gallaher G.
Ziersch A,Baum F
Ziersch A,Gallaher G.
Baum F,Gallaher G.
Eriksson M,Emmelin M.
Pastoriza D,Ariño M.A.
Bartolini S,Bilancini E
Bartolini S,Sarracino F.
Bilancini E,Sarracino F.
Gabrielli G,Paterno A
Gabrielli G,Dalla-Zuanna G.
Paterno A,Dalla-Zuanna G.
Wood V.J,Curtis S.E
Wood V.J,Gesler W
Wood V.J,Spencer I.H
Wood V.J,Close H.J
Wood V.J,Mason J.M
Wood V.J,Reilly J.G.
Curtis S.E,Gesler W
Curtis S.E,Spencer I.H
Curtis S.E,Close H.J
Curtis S.E,Mason J.M
Curtis S.E,Reilly J.G.
Gesler W,Spencer I.H
Gesler W,Close H.J
Gesler W,Mason J.M
Gesler W,Reilly J.G.
Spencer I.H,Close H.J
Spencer I.H,Mason J.M
Spencer I.H,Reilly J.G.
Close H.J,Mason J.M
Close H.J,Reilly J.G.
Mason J.M,Reilly J.G.
Edgerton J.D,Roberts L.W
Edgerton J.D,Peter T.
Roberts L.W,Peter T.
Kuijpers R.E,van der Ark L.A
Kuijpers R.E,Croon M.A.
van der Ark L.A,Croon M.A.
Salas-Fumás V,Sanchez-Asin J.J.
Khar Kheng Y,June S
Khar Kheng Y,Mahmood R.
June S,Mahmood R.
Xiang C,Lu Y
Xiang C,Gupta S.
Lu Y,Gupta S.
Mcconkey R,Dowling S
Mcconkey R,Hassan D
Mcconkey R,Menke S.
Dowling S,Hassan D
Dowling S,Menke S.
Hassan D,Menke S.
Toma S,Vause S.
Ichida Y,Hirai H
Ichida Y,Kondo K
Ichida Y,Kawachi I
Ichida Y,Takeda T
Ichida Y,Endo H.
Hirai H,Kondo K
Hirai H,Kawachi I
Hirai H,Takeda T
Hirai H,Endo H.
Kondo K,Kawachi I
Kondo K,Takeda T
Kondo K,Endo H.
Kawachi I,Takeda T
Kawachi I,Endo H.
Takeda T,Endo H.
Lu J,Xie X
Lu J,Wu M.
Xie X,Wu M.
van Beuningen J,Schmeets H.
Nedjat S,Majdzadeh R
Nedjat S,Kheiltash A
Nedjat S,Jamshidi E
Nedjat S,Yazdani S.
Majdzadeh R,Kheiltash A
Majdzadeh R,Jamshidi E
Majdzadeh R,Yazdani S.
Kheiltash A,Jamshidi E
Kheiltash A,Yazdani S.
Jamshidi E,Yazdani S.
Pirkkalainen P,Mezzetti P
Pirkkalainen P,Guglielmo M.
Mezzetti P,Guglielmo M.
Álvares C,Damásio M.J.
Bruinsma G.J.N,Pauwels L.J.R
Bruinsma G.J.N,Weerman F.M
Bruinsma G.J.N,Bernasco W.
Pauwels L.J.R,Weerman F.M
Pauwels L.J.R,Bernasco W.
Weerman F.M,Bernasco W.
Lo C.-P,Tashiro S.
Tian L,Liu B
Tian L,Huang S
Tian L,Huebner E.S.
Liu B,Huang S
Liu B,Huebner E.S.
Huang S,Huebner E.S.
Mencken F.C,Fitz B.
Sujarwoto S,Tampubolon G.
Tandoc Jr,E.C
Tandoc Jr,Takahashi B.
E.C,Takahashi B.
Beyerlein K,Vaisey S.
Cairns-Nagi J.M,Bambra C.
Stickley A,Koyanagi A
Stickley A,Roberts B
Stickley A,Rotman D
Stickley A,McKee M.
Koyanagi A,Roberts B
Koyanagi A,Rotman D
Koyanagi A,McKee M.
Roberts B,Rotman D
Roberts B,McKee M.
Rotman D,McKee M.
Dinç L,Korkmaz F
Dinç L,Karabulut E.
Korkmaz F,Karabulut E.
Hoque A.M.R,Haque M.R.
Muckenhuber J,Stronegger W.J
Muckenhuber J,Freidl W.
Stronegger W.J,Freidl W.
Forsman A.K,Herberts C
Forsman A.K,Nyqvist F
Forsman A.K,Wahlbeck K
Forsman A.K,Schierenbeck I.
Herberts C,Nyqvist F
Herberts C,Wahlbeck K
Herberts C,Schierenbeck I.
Nyqvist F,Wahlbeck K
Nyqvist F,Schierenbeck I.
Wahlbeck K,Schierenbeck I.
Liu G,Eng T.-Y
Liu G,Ko W.-W.
Eng T.-Y,Ko W.-W.
Sun I.Y,Wu Y
Sun I.Y,Hu R.
Wu Y,Hu R.
Lin K,Xu Y
Lin K,Huang T
Lin K,Zhang J.
Xu Y,Huang T
Xu Y,Zhang J.
Huang T,Zhang J.
Alam Y,Husband C.
Wissink M,Düvell F
Wissink M,van Eerdewijk A.
Düvell F,van Eerdewijk A.
Hofer M,Aubert V.
Hawes D,Rocha R
Hawes D,Meier K.
Rocha R,Meier K.
Hamsan H.H,Kumar M.N
Hamsan H.H,Shahrimin M.I.
Kumar M.N,Shahrimin M.I.
Bassett E,Moore S.
Peeples M.A,Haas W.R.
Goh S.-K,Sandhu M.-S.
Webel A.R,Cuca Y
Webel A.R,Okonsky J.G
Webel A.R,Asher A.K
Webel A.R,Kaihura A
Webel A.R,Salata R.A.
Cuca Y,Okonsky J.G
Cuca Y,Asher A.K
Cuca Y,Kaihura A
Cuca Y,Salata R.A.
Okonsky J.G,Asher A.K
Okonsky J.G,Kaihura A
Okonsky J.G,Salata R.A.
Asher A.K,Kaihura A
Asher A.K,Salata R.A.
Kaihura A,Salata R.A.
Mcquarrie E.F,Miller J
Mcquarrie E.F,Phillips B.J.
Miller J,Phillips B.J.
Tadie D,Fischer A.
Brantner C,Herczeg P.
Murzyn-Kupisz M,Działek J.
Collins E,Freeman J.
Aminzadeh K,Denny S
Aminzadeh K,Utter J
Aminzadeh K,Milfont T.L
Aminzadeh K,Ameratunga S
Aminzadeh K,Teevale T
Aminzadeh K,Clark T.
Denny S,Utter J
Denny S,Milfont T.L
Denny S,Ameratunga S
Denny S,Teevale T
Denny S,Clark T.
Utter J,Milfont T.L
Utter J,Ameratunga S
Utter J,Teevale T
Utter J,Clark T.
Milfont T.L,Ameratunga S
Milfont T.L,Teevale T
Milfont T.L,Clark T.
Ameratunga S,Teevale T
Ameratunga S,Clark T.
Teevale T,Clark T.
Kobayashi T,Kawachi I
Kobayashi T,Iwase T
Kobayashi T,Suzuki E
Kobayashi T,Takao S.
Kawachi I,Iwase T
Kawachi I,Suzuki E
Kawachi I,Takao S.
Iwase T,Suzuki E
Iwase T,Takao S.
Suzuki E,Takao S.
Trepte S,Reinecke L.
Muennig P,Cohen A.K
Muennig P,Palmer A
Muennig P,Zhu W.
Cohen A.K,Palmer A
Cohen A.K,Zhu W.
Palmer A,Zhu W.
Browne-Yung K,Ziersch A
Browne-Yung K,Baum F.
Ziersch A,Baum F.
Awang M.M,Jindal-Snape D
Awang M.M,Barber T.
Jindal-Snape D,Barber T.
Muldoon J,Liguori E.W
Muldoon J,Bendickson J.
Liguori E.W,Bendickson J.
Reininger B.M,Rahbar M.H
Reininger B.M,Lee M
Reininger B.M,Chen Z
Reininger B.M,Alam S.R
Reininger B.M,Pope J
Reininger B.M,Adams B.
Rahbar M.H,Lee M
Rahbar M.H,Chen Z
Rahbar M.H,Alam S.R
Rahbar M.H,Pope J
Rahbar M.H,Adams B.
Lee M,Chen Z
Lee M,Alam S.R
Lee M,Pope J
Lee M,Adams B.
Chen Z,Alam S.R
Chen Z,Pope J
Chen Z,Adams B.
Alam S.R,Pope J
Alam S.R,Adams B.
Pope J,Adams B.
Takagi D,Kondo K
Takagi D,Kondo N
Takagi D,Cable N
Takagi D,Ikeda K
Takagi D,Kawachi I.
Kondo K,Kondo N
Kondo K,Cable N
Kondo K,Ikeda K
Kondo K,Kawachi I.
Kondo N,Cable N
Kondo N,Ikeda K
Kondo N,Kawachi I.
Cable N,Ikeda K
Cable N,Kawachi I.
Ikeda K,Kawachi I.
Wang C.-M,Woods M.
Vickers C.H,Deckert S.K.
Matsubayashi T,Sawada Y
Matsubayashi T,Ueda M.
Sawada Y,Ueda M.
Korte R,Lin S.
Caspi C.E,Kawachi I
Caspi C.E,Subramanian S.V
Caspi C.E,Tucker-Seeley R
Caspi C.E,Sorensen G.
Kawachi I,Subramanian S.V
Kawachi I,Tucker-Seeley R
Kawachi I,Sorensen G.
Subramanian S.V,Tucker-Seeley R
Subramanian S.V,Sorensen G.
Tucker-Seeley R,Sorensen G.
Kerrissey J,Schofer E.
Mansuri G,Rao V.
Amin A,Mohd Salleh A.M
Amin A,Muda M.S
Amin A,Ibrahim Y.
Mohd Salleh A.M,Muda M.S
Mohd Salleh A.M,Ibrahim Y.
Muda M.S,Ibrahim Y.
Cassell J.A,Nelson T.
Shoff C,Yang T.-C.
Mikal J.P,Rice R.E
Mikal J.P,Abeyta A
Mikal J.P,Devilbiss J.
Rice R.E,Abeyta A
Rice R.E,Devilbiss J.
Abeyta A,Devilbiss J.
Farrell L.C,Fudge J.
Levy O,Peiperl M
Levy O,Bouquet C.
Peiperl M,Bouquet C.
Palmer N,Xu Q.
Lee C.-J,Kim D.
Zal W.A.A,Redzuan M
Zal W.A.A,Samah A.A
Zal W.A.A,Hamsan H.H.
Redzuan M,Samah A.A
Redzuan M,Hamsan H.H.
Samah A.A,Hamsan H.H.
Han S,Kim H
Han S,Lee H.-S.
Kim H,Lee H.-S.
Johnston K,Tanner M
Johnston K,Lalla N
Johnston K,Kawalski D.
Tanner M,Lalla N
Tanner M,Kawalski D.
Lalla N,Kawalski D.
Chong S.T,Ten W.K
Chong S.T,Er A.C
Chong S.T,Koh D.
Ten W.K,Er A.C
Ten W.K,Koh D.
Er A.C,Koh D.
Hargreaves Heap S.P,Tan J.H.W
Hargreaves Heap S.P,Zizzo D.J.
Tan J.H.W,Zizzo D.J.
Cheung C.-K,Yue X.D.
Scharlach A.E,Lehning A.J.
Pillai V.K,Wei F.-H
Pillai V.K,Maleku A.
Wei F.-H,Maleku A.
Ruiz Jiménez M.C,Vallejo Martos M.C
Ruiz Jiménez M.C,Martínez Jiménez R.
Vallejo Martos M.C,Martínez Jiménez R.
Amit K,Riss I.
Rose M,Decter M
Rose M,Robinson S
Rose M,Jack S
Rose M,Lockett N.
Decter M,Robinson S
Decter M,Jack S
Decter M,Lockett N.
Robinson S,Jack S
Robinson S,Lockett N.
Jack S,Lockett N.
Dako-Gyeke M,Owusu P.
Colli A,García-Canal E
Colli A,Guillén M.F.
García-Canal E,Guillén M.F.
Pope H.C,Miller M.C
Pope H.C,Wolfer T.A
Pope H.C,Mann J.R
Pope H.C,McKeown R.E.
Miller M.C,Wolfer T.A
Miller M.C,Mann J.R
Miller M.C,McKeown R.E.
Wolfer T.A,Mann J.R
Wolfer T.A,McKeown R.E.
Mann J.R,McKeown R.E.
Broadbent R,Papadopoulos T.
Jung M,Viswanath K.
Ţǎranu A.M,Ţǎranu A.
Yiengprugsawan V,Friel S
Yiengprugsawan V,Seubsman S.-A
Yiengprugsawan V,Sleigh A.C.
Friel S,Seubsman S.-A
Friel S,Sleigh A.C.
Seubsman S.-A,Sleigh A.C.
Jones O,Ghobadian A
Jones O,ORegan N
Jones O,Antcliff V.
Ghobadian A,ORegan N
Ghobadian A,Antcliff V.
ORegan N,Antcliff V.
Dylan A,Smallboy B
Dylan A,Lightman E.
Smallboy B,Lightman E.
Vizer E.A,Carvalho H.
Dimeglio I,Janmaat J.G
Dimeglio I,Mehaut P.
Janmaat J.G,Mehaut P.
Bartolini S,Bilancini E
Bartolini S,Pugno M.
Bilancini E,Pugno M.
Negi V.S,Maikhuri R.K.
Hsiao C.-C,Chiou J.-S.
Pendakur R,Mata F.
Toloza Z.R,de Sánchez J.B
Toloza Z.R,Gelves D.A
Toloza Z.R,Rivas H.A.
de Sánchez J.B,Gelves D.A
de Sánchez J.B,Rivas H.A.
Gelves D.A,Rivas H.A.
Holt C.L,Schulz E
Holt C.L,Williams B
Holt C.L,Clark E.M
Holt C.L,Wang M.Q
Holt C.L,Southward P.L.
Schulz E,Williams B
Schulz E,Clark E.M
Schulz E,Wang M.Q
Schulz E,Southward P.L.
Williams B,Clark E.M
Williams B,Wang M.Q
Williams B,Southward P.L.
Clark E.M,Wang M.Q
Clark E.M,Southward P.L.
Wang M.Q,Southward P.L.
Murray S.F,Akoum M.S
Murray S.F,Storeng K.T.
Akoum M.S,Storeng K.T.
Murayama H,Wakui T
Murayama H,Arami R
Murayama H,Sugawara I
Murayama H,Yoshie S.
Wakui T,Arami R
Wakui T,Sugawara I
Wakui T,Yoshie S.
Arami R,Sugawara I
Arami R,Yoshie S.
Sugawara I,Yoshie S.
Hadley C,Stevenson E.G.J
Hadley C,Tadesse Y
Hadley C,Belachew T.
Stevenson E.G.J,Tadesse Y
Stevenson E.G.J,Belachew T.
Tadesse Y,Belachew T.
Krischel M,Hailing T
Krischel M,Fangerau H.
Hailing T,Fangerau H.
Schortman E.M,Urban P.A.
Kanafi I,Susminingsih
Wind T.R,Komproe I.H.
Takagi D,Ikeda K
Takagi D,Kawachi I.
Ikeda K,Kawachi I.
Lu H.-P,Lee M.-R.
Farmer J,Prior M
Farmer J,Taylor J.
Prior M,Taylor J.
Carroll B,Simpson B.
Sirven N,Debrand T.
Davison K.K,Nishi A
Davison K.K,Kranz S
Davison K.K,Wyckoff L
Davison K.K,May J.J
Davison K.K,Earle-Richardson G.B
Davison K.K,Strogatz D.S
Davison K.K,Jenkins P.L.
Nishi A,Kranz S
Nishi A,Wyckoff L
Nishi A,May J.J
Nishi A,Earle-Richardson G.B
Nishi A,Strogatz D.S
Nishi A,Jenkins P.L.
Kranz S,Wyckoff L
Kranz S,May J.J
Kranz S,Earle-Richardson G.B
Kranz S,Strogatz D.S
Kranz S,Jenkins P.L.
Wyckoff L,May J.J
Wyckoff L,Earle-Richardson G.B
Wyckoff L,Strogatz D.S
Wyckoff L,Jenkins P.L.
May J.J,Earle-Richardson G.B
May J.J,Strogatz D.S
May J.J,Jenkins P.L.
Earle-Richardson G.B,Strogatz D.S
Earle-Richardson G.B,Jenkins P.L.
Strogatz D.S,Jenkins P.L.
Hao W,Wang Y
Hao W,Ding H.
Wang Y,Ding H.
Warren J.R,Knies L
Warren J.R,Haas S
Warren J.R,Hernandez E.M.
Knies L,Haas S
Knies L,Hernandez E.M.
Haas S,Hernandez E.M.
Beilmann M,Realo A.
Kitchen P,Williams A
Kitchen P,Simone D.
Williams A,Simone D.
Yeary K.H.-C.K,Ounpraseuth S
Yeary K.H.-C.K,Moore P
Yeary K.H.-C.K,Bursac Z
Yeary K.H.-C.K,Greene P.
Ounpraseuth S,Moore P
Ounpraseuth S,Bursac Z
Ounpraseuth S,Greene P.
Moore P,Bursac Z
Moore P,Greene P.
Bursac Z,Greene P.
Schwadel P,Stout M.
Forbes J,McCartney E.
Santoro W.A,Vélez M.B
Santoro W.A,Keogh S.M.
Vélez M.B,Keogh S.M.
Mesch G,Mano R
Mesch G,Tsamir J.
Mano R,Tsamir J.
Hempel L.M,Matthews T
Hempel L.M,Bartkowski J.
Matthews T,Bartkowski J.
Jenson A,Swords J
Jenson A,Jeffries M.
Swords J,Jeffries M.
Nah S,Chung D.S.
Nassar H,Hewitt R.
Verhaeghe P.-P,Tampubolon G.
Hanibuchi T,Murata Y
Hanibuchi T,Ichida Y
Hanibuchi T,Hirai H
Hanibuchi T,Kawachi I
Hanibuchi T,Kondo K.
Murata Y,Ichida Y
Murata Y,Hirai H
Murata Y,Kawachi I
Murata Y,Kondo K.
Ichida Y,Hirai H
Ichida Y,Kawachi I
Ichida Y,Kondo K.
Hirai H,Kawachi I
Hirai H,Kondo K.
Kawachi I,Kondo K.
Giordano G.N,Björk J
Giordano G.N,Lindström M.
Björk J,Lindström M.
Vikram K,Vanneman R
Vikram K,Desai S.
Vanneman R,Desai S.
Nawyn S.J,Gjokaj L
Nawyn S.J,Agbényiga D.L
Nawyn S.J,Grace B.
Gjokaj L,Agbényiga D.L
Gjokaj L,Grace B.
Agbényiga D.L,Grace B.
Navarro F.M,Vivas L.
Smith J.W,Moore R.L
Smith J.W,Anderson D.H
Smith J.W,Siderelis C.
Moore R.L,Anderson D.H
Moore R.L,Siderelis C.
Anderson D.H,Siderelis C.
Yang T.-C,Chen V.Y.-J
Yang T.-C,Shoff C
Yang T.-C,Matthews S.A.
Chen V.Y.-J,Shoff C
Chen V.Y.-J,Matthews S.A.
Shoff C,Matthews S.A.
Lilley S,Grodzinsky F.S
Lilley S,Gumbus A.
Grodzinsky F.S,Gumbus A.
Kikuchi M,Coleman C.-L.
Trepte S,Reinecke L
Trepte S,Juechems K.
Reinecke L,Juechems K.
Chang Y.P,Zhu D.H.
Jonas A.B,Young A.M
Jonas A.B,Oser C.B
Jonas A.B,Leukefeld C.G
Jonas A.B,Havens J.R.
Young A.M,Oser C.B
Young A.M,Leukefeld C.G
Young A.M,Havens J.R.
Oser C.B,Leukefeld C.G
Oser C.B,Havens J.R.
Leukefeld C.G,Havens J.R.
Legh-Jones H,Moore S.
Khodadady E,Pishghadam R
Khodadady E,Alaee F.F.
Pishghadam R,Alaee F.F.
Brusilovskiy E,Salzer M.S.
Edwards J,Ogilvie S.
Curşeu P.L,Janssen S.E.A
Curşeu P.L,Raab J.
Janssen S.E.A,Raab J.
Adorjan M,Chui W.H.
Kitchen P,Williams A
Kitchen P,Chowhan J.
Williams A,Chowhan J.
Parzefall M.-R,Kuppelwieser V.G.
Long D,Wong Y.-L.R.
McLaughlin M,Nam Y
McLaughlin M,Gould J
McLaughlin M,Pade C
McLaughlin M,Meeske K.A
McLaughlin M,Ruccione K.S
McLaughlin M,Fulk J.
Nam Y,Gould J
Nam Y,Pade C
Nam Y,Meeske K.A
Nam Y,Ruccione K.S
Nam Y,Fulk J.
Gould J,Pade C
Gould J,Meeske K.A
Gould J,Ruccione K.S
Gould J,Fulk J.
Pade C,Meeske K.A
Pade C,Ruccione K.S
Pade C,Fulk J.
Meeske K.A,Ruccione K.S
Meeske K.A,Fulk J.
Ruccione K.S,Fulk J.
Ahnquist J,Wamala S.P
Ahnquist J,Lindstrom M.
Wamala S.P,Lindstrom M.
Kumar S,Calvo R
Kumar S,Avendano M
Kumar S,Sivaramakrishnan K
Kumar S,Berkman L.F.
Calvo R,Avendano M
Calvo R,Sivaramakrishnan K
Calvo R,Berkman L.F.
Avendano M,Sivaramakrishnan K
Avendano M,Berkman L.F.
Sivaramakrishnan K,Berkman L.F.
Robbins B,Pettinicchio D.
Cramm J.M,Møller V
Cramm J.M,Nieboer A.P.
Møller V,Nieboer A.P.
Williams R,Hewison A
Williams R,Wagstaff C
Williams R,Randall D.
Hewison A,Wagstaff C
Hewison A,Randall D.
Wagstaff C,Randall D.
Braswell H,Kushner H.I.
Barnes M,Harrison E
Barnes M,Murray L.
Harrison E,Murray L.
De Clercq B,Vyncke V
De Clercq B,Hublet A
De Clercq B,Elgar F.J
De Clercq B,Ravens-Sieberer U
De Clercq B,Currie C
De Clercq B,Hooghe M
De Clercq B,Ieven A
De Clercq B,Maes L.
Vyncke V,Hublet A
Vyncke V,Elgar F.J
Vyncke V,Ravens-Sieberer U
Vyncke V,Currie C
Vyncke V,Hooghe M
Vyncke V,Ieven A
Vyncke V,Maes L.
Hublet A,Elgar F.J
Hublet A,Ravens-Sieberer U
Hublet A,Currie C
Hublet A,Hooghe M
Hublet A,Ieven A
Hublet A,Maes L.
Elgar F.J,Ravens-Sieberer U
Elgar F.J,Currie C
Elgar F.J,Hooghe M
Elgar F.J,Ieven A
Elgar F.J,Maes L.
Ravens-Sieberer U,Currie C
Ravens-Sieberer U,Hooghe M
Ravens-Sieberer U,Ieven A
Ravens-Sieberer U,Maes L.
Currie C,Hooghe M
Currie C,Ieven A
Currie C,Maes L.
Hooghe M,Ieven A
Hooghe M,Maes L.
Ieven A,Maes L.
El-Dardiry G,Dimitrakaki C
El-Dardiry G,Tzavara C
El-Dardiry G,Ravens-Sieberer U
El-Dardiry G,Tountas Y.
Dimitrakaki C,Tzavara C
Dimitrakaki C,Ravens-Sieberer U
Dimitrakaki C,Tountas Y.
Tzavara C,Ravens-Sieberer U
Tzavara C,Tountas Y.
Ravens-Sieberer U,Tountas Y.
Frempong G,Ma X
Frempong G,Mensah J.
Ma X,Mensah J.
Khodadady E,Alaee F.F.
Han S,Kim H
Han S,Lee H.-S.
Kim H,Lee H.-S.
Masoud M,Rastbin S
Masoud M,Ardahaey F.T.
Rastbin S,Ardahaey F.T.
Kritsotakis G,Vassilaki M
Kritsotakis G,Chatzi L
Kritsotakis G,Georgiou V
Kritsotakis G,Philalithis A.E
Kritsotakis G,Kogevinas M
Kritsotakis G,Koutis A.
Vassilaki M,Chatzi L
Vassilaki M,Georgiou V
Vassilaki M,Philalithis A.E
Vassilaki M,Kogevinas M
Vassilaki M,Koutis A.
Chatzi L,Georgiou V
Chatzi L,Philalithis A.E
Chatzi L,Kogevinas M
Chatzi L,Koutis A.
Georgiou V,Philalithis A.E
Georgiou V,Kogevinas M
Georgiou V,Koutis A.
Philalithis A.E,Kogevinas M
Philalithis A.E,Koutis A.
Kogevinas M,Koutis A.
Raza S.A,Zia S
Raza S.A,Naqvi S.A.H
Raza S.A,Shaikh F.M.
Zia S,Naqvi S.A.H
Zia S,Shaikh F.M.
Naqvi S.A.H,Shaikh F.M.
Cvetičanin P,Popescu M.
Kim D,Baum C.F
Kim D,Ganz M.L
Kim D,Subramanian S.V
Kim D,Kawachi I.
Baum C.F,Ganz M.L
Baum C.F,Subramanian S.V
Baum C.F,Kawachi I.
Ganz M.L,Subramanian S.V
Ganz M.L,Kawachi I.
Subramanian S.V,Kawachi I.
Fiorillo D,Sabatini F.
Črpić G,Migles S.
Wei J,Zheng W
Wei J,Zhang M.
Zheng W,Zhang M.
Aida J,Kondo K
Aida J,Kondo N
Aida J,Watt R.G
Aida J,Sheiham A
Aida J,Tsakos G.
Kondo K,Kondo N
Kondo K,Watt R.G
Kondo K,Sheiham A
Kondo K,Tsakos G.
Kondo N,Watt R.G
Kondo N,Sheiham A
Kondo N,Tsakos G.
Watt R.G,Sheiham A
Watt R.G,Tsakos G.
Sheiham A,Tsakos G.
Balbo N,Mills M.
Camarero C,San José R.
Ikeda K,Boase J.
Shell-Duncan B,Wander K
Shell-Duncan B,Hernlund Y
Shell-Duncan B,Moreau A.
Wander K,Hernlund Y
Wander K,Moreau A.
Hernlund Y,Moreau A.
Maggi S,Roberts W
Maggi S,MacLennan D
Maggi S,DAngiulli A.
Roberts W,MacLennan D
Roberts W,DAngiulli A.
MacLennan D,DAngiulli A.
Maselko J,Hughes C
Maselko J,Cheney R.
Hughes C,Cheney R.
Pathirage J,Collyer M.
Pardy M,Lee J.C.H.
Hampshire K.R,Porter G
Hampshire K.R,Owusu S.A
Hampshire K.R,Tanle A
Hampshire K.R,Abane A.
Porter G,Owusu S.A
Porter G,Tanle A
Porter G,Abane A.
Owusu S.A,Tanle A
Owusu S.A,Abane A.
Tanle A,Abane A.
Rojas H,Shah D.V
Rojas H,Friedland L.A.
Shah D.V,Friedland L.A.
Hacker K,Chu J
Hacker K,Leung C
Hacker K,Marra R
Hacker K,Pirie A
Hacker K,Brahimi M
Hacker K,English M
Hacker K,Beckmann J
Hacker K,Acevedo-Garcia D
Hacker K,Marlin R.P.
Chu J,Leung C
Chu J,Marra R
Chu J,Pirie A
Chu J,Brahimi M
Chu J,English M
Chu J,Beckmann J
Chu J,Acevedo-Garcia D
Chu J,Marlin R.P.
Leung C,Marra R
Leung C,Pirie A
Leung C,Brahimi M
Leung C,English M
Leung C,Beckmann J
Leung C,Acevedo-Garcia D
Leung C,Marlin R.P.
Marra R,Pirie A
Marra R,Brahimi M
Marra R,English M
Marra R,Beckmann J
Marra R,Acevedo-Garcia D
Marra R,Marlin R.P.
Pirie A,Brahimi M
Pirie A,English M
Pirie A,Beckmann J
Pirie A,Acevedo-Garcia D
Pirie A,Marlin R.P.
Brahimi M,English M
Brahimi M,Beckmann J
Brahimi M,Acevedo-Garcia D
Brahimi M,Marlin R.P.
English M,Beckmann J
English M,Acevedo-Garcia D
English M,Marlin R.P.
Beckmann J,Acevedo-Garcia D
Beckmann J,Marlin R.P.
Acevedo-Garcia D,Marlin R.P.
Eriksson M,Ng N
Eriksson M,Weinehall L
Eriksson M,Emmelin M.
Ng N,Weinehall L
Ng N,Emmelin M.
Weinehall L,Emmelin M.
Zhao L,Roper J.
Polonsky M.J,Brijnath B
Polonsky M.J,Renzaho A.M.N.
Brijnath B,Renzaho A.M.N.
Berger R,Choi C.J
Berger R,Kim J.B.
Choi C.J,Kim J.B.
Rogers S.H,Halstead J.M
Rogers S.H,Gardner K.H
Rogers S.H,Carlson C.H.
Halstead J.M,Gardner K.H
Halstead J.M,Carlson C.H.
Gardner K.H,Carlson C.H.
Oetzel J,Wallerstein N
Oetzel J,Solimon A
Oetzel J,Garcia B
Oetzel J,Siemon M
Oetzel J,Adeky S
Oetzel J,Apachito G
Oetzel J,Caston E
Oetzel J,Finster C
Oetzel J,Belone L
Oetzel J,Tafoya G.
Wallerstein N,Solimon A
Wallerstein N,Garcia B
Wallerstein N,Siemon M
Wallerstein N,Adeky S
Wallerstein N,Apachito G
Wallerstein N,Caston E
Wallerstein N,Finster C
Wallerstein N,Belone L
Wallerstein N,Tafoya G.
Solimon A,Garcia B
Solimon A,Siemon M
Solimon A,Adeky S
Solimon A,Apachito G
Solimon A,Caston E
Solimon A,Finster C
Solimon A,Belone L
Solimon A,Tafoya G.
Garcia B,Siemon M
Garcia B,Adeky S
Garcia B,Apachito G
Garcia B,Caston E
Garcia B,Finster C
Garcia B,Belone L
Garcia B,Tafoya G.
Siemon M,Adeky S
Siemon M,Apachito G
Siemon M,Caston E
Siemon M,Finster C
Siemon M,Belone L
Siemon M,Tafoya G.
Adeky S,Apachito G
Adeky S,Caston E
Adeky S,Finster C
Adeky S,Belone L
Adeky S,Tafoya G.
Apachito G,Caston E
Apachito G,Finster C
Apachito G,Belone L
Apachito G,Tafoya G.
Caston E,Finster C
Caston E,Belone L
Caston E,Tafoya G.
Finster C,Belone L
Finster C,Tafoya G.
Belone L,Tafoya G.
Van Den Bulck H,Broos D.
Dean W.R,Sharkey J.R.
Choi N.G,Kim J.
Hunka A,De Groot W.T.
Habibov N.N,Afandi E.N.
Giordano G.N,Lindström M.
Costa L.F,Rocha M.M
Costa L.F,Araújo T.
Rocha M.M,Araújo T.
Chang H.-H,Chou H.-W.
Hau Y.S,Kim Y.-G.
Mascia D,Cicchetti A.
Karner C,Parker D.
Hurtado D,Kawachi I
Hurtado D,Sudarsky J.
Kawachi I,Sudarsky J.
Sanghera B,Ablezova M
Sanghera B,Botoeva A.
Ablezova M,Botoeva A.
Chen X,Stanton B
Chen X,Kaljee L
Chen X,Fang X
Chen X,Xiong Q
Chen X,Lin D
Chen X,Zhang L
Chen X,Li X.
Stanton B,Kaljee L
Stanton B,Fang X
Stanton B,Xiong Q
Stanton B,Lin D
Stanton B,Zhang L
Stanton B,Li X.
Kaljee L,Fang X
Kaljee L,Xiong Q
Kaljee L,Lin D
Kaljee L,Zhang L
Kaljee L,Li X.
Fang X,Xiong Q
Fang X,Lin D
Fang X,Zhang L
Fang X,Li X.
Xiong Q,Lin D
Xiong Q,Zhang L
Xiong Q,Li X.
Lin D,Zhang L
Lin D,Li X.
Zhang L,Li X.
Guillen L,Coromina L
Guillen L,Saris W.E.
Coromina L,Saris W.E.
Lu Y,Yang D.
Mpofu E,Dune T.M
Mpofu E,Hallfors D.D
Mpofu E,Mapfumo J
Mpofu E,Mutepfa M.M
Mpofu E,January J.
Dune T.M,Hallfors D.D
Dune T.M,Mapfumo J
Dune T.M,Mutepfa M.M
Dune T.M,January J.
Hallfors D.D,Mapfumo J
Hallfors D.D,Mutepfa M.M
Hallfors D.D,January J.
Mapfumo J,Mutepfa M.M
Mapfumo J,January J.
Mutepfa M.M,January J.
van Ingen E,Dekker P.
Khodadady E,Alaee F.F
Khodadady E,Natanzi M.
Alaee F.F,Natanzi M.
Chappell N.L,Funk L.M.
Klenk N.L,Hickey G.M
Klenk N.L,MacLellan J.I.
Hickey G.M,MacLellan J.I.
Zheng V,Wong S.-L.
Connor P,Massey D.S.
Wepener C,Barnard M.
Southwell B.G,Slater J.S
Southwell B.G,Rothman A.J
Southwell B.G,Friedenberg L.M
Southwell B.G,Allison T.R
Southwell B.G,Nelson C.L.
Slater J.S,Rothman A.J
Slater J.S,Friedenberg L.M
Slater J.S,Allison T.R
Slater J.S,Nelson C.L.
Rothman A.J,Friedenberg L.M
Rothman A.J,Allison T.R
Rothman A.J,Nelson C.L.
Friedenberg L.M,Allison T.R
Friedenberg L.M,Nelson C.L.
Allison T.R,Nelson C.L.
Selle P.E.R,Strømsnes K.
Forbes J,McCartney E.
Becchetti L,Costantino M.
Nakhaie R,Arnold R.
Tseng F.-C,Kuo F.-Y.
Shumate M,OConnor A.
Meltzer D,Chung J
Meltzer D,Khalili P
Meltzer D,Marlow E
Meltzer D,Arora V
Meltzer D,Schumock G
Meltzer D,Burt R.
Chung J,Khalili P
Chung J,Marlow E
Chung J,Arora V
Chung J,Schumock G
Chung J,Burt R.
Khalili P,Marlow E
Khalili P,Arora V
Khalili P,Schumock G
Khalili P,Burt R.
Marlow E,Arora V
Marlow E,Schumock G
Marlow E,Burt R.
Arora V,Schumock G
Arora V,Burt R.
Schumock G,Burt R.
Hampshire K.R,Matthijsse M.
Turner M,Fozdar F.T.
Schaefer-McDaniel N,Dunn J.R
Schaefer-McDaniel N,Minian N
Schaefer-McDaniel N,Katz D.
Dunn J.R,Minian N
Dunn J.R,Katz D.
Minian N,Katz D.
Ball K,Cleland V.J
Ball K,Timperio A.F
Ball K,Salmon J
Ball K,Giles-Corti B
Ball K,Crawford D.A.
Cleland V.J,Timperio A.F
Cleland V.J,Salmon J
Cleland V.J,Giles-Corti B
Cleland V.J,Crawford D.A.
Timperio A.F,Salmon J
Timperio A.F,Giles-Corti B
Timperio A.F,Crawford D.A.
Salmon J,Giles-Corti B
Salmon J,Crawford D.A.
Giles-Corti B,Crawford D.A.
Weltman D,Upchurch M.
Davies I.A,Ryals L.J.
Shiue Y.-C,Chiu C.-M
Shiue Y.-C,Chang C.-C.
Chiu C.-M,Chang C.-C.
Beiser M,Wiwa O
Beiser M,Adebajo S.
Wiwa O,Adebajo S.
Cornelius N,Wallace J.
Suzuki E,Takao S
Suzuki E,Subramanian S.V
Suzuki E,Komatsu H
Suzuki E,Doi H
Suzuki E,Kawachi I.
Takao S,Subramanian S.V
Takao S,Komatsu H
Takao S,Doi H
Takao S,Kawachi I.
Subramanian S.V,Komatsu H
Subramanian S.V,Doi H
Subramanian S.V,Kawachi I.
Komatsu H,Doi H
Komatsu H,Kawachi I.
Doi H,Kawachi I.
Cheung C.-K,Chan R.K.-H.
Giordano G.N,Lindstrom M.
Kang M.J,Glassman M.
Berry H.L,Welsh J.A.
Ravanera Z.R,Rajulton F.
Theurer K,Wister A.
Schyns P,Koop C.
Russo A,Perrini F.
Chaaya M,Sibai A.M
Chaaya M,Tabbal N
Chaaya M,Chemaitelly H
Chaaya M,El Roueiheb Z
Chaaya M,Slim Z.N.
Sibai A.M,Tabbal N
Sibai A.M,Chemaitelly H
Sibai A.M,El Roueiheb Z
Sibai A.M,Slim Z.N.
Tabbal N,Chemaitelly H
Tabbal N,El Roueiheb Z
Tabbal N,Slim Z.N.
Chemaitelly H,El Roueiheb Z
Chemaitelly H,Slim Z.N.
El Roueiheb Z,Slim Z.N.
Tse S.-K,Lam R.Y.H
Tse S.-K,Ip O.K.M
Tse S.-K,Lam J.W.I
Tse S.-K,Loh E.K
Tse S.-K,Tso A.S.F.
Lam R.Y.H,Ip O.K.M
Lam R.Y.H,Lam J.W.I
Lam R.Y.H,Loh E.K
Lam R.Y.H,Tso A.S.F.
Ip O.K.M,Lam J.W.I
Ip O.K.M,Loh E.K
Ip O.K.M,Tso A.S.F.
Lam J.W.I,Loh E.K
Lam J.W.I,Tso A.S.F.
Loh E.K,Tso A.S.F.
Sturgis P,Read S
Sturgis P,Allum N.
Read S,Allum N.
Millar C.C.J.M,Choi C.J.
Cook J.R,Kilmer R.P.
Doherty A.M,Kelly B.D.
Pickett K.E,Shaw R.J
Pickett K.E,Atkin K
Pickett K.E,Kiernan K.E
Pickett K.E,Wilkinson R.G.
Shaw R.J,Atkin K
Shaw R.J,Kiernan K.E
Shaw R.J,Wilkinson R.G.
Atkin K,Kiernan K.E
Atkin K,Wilkinson R.G.
Kiernan K.E,Wilkinson R.G.
Van Meeteren M,Engbersen G
Van Meeteren M,Van San M.
Engbersen G,Van San M.
Gidengil E,Stolle D.
Reher D.S,Silvestre J.
Wang J.-C,Chiang M.-J.
Ferlander S,Mäkinen I.H.
Kalra V.S,Kapoor N.
Li M.-S,Pu H.-T.
Burke N.J,Bird J.A
Burke N.J,Clark M.A
Burke N.J,Rakowski W
Burke N.J,Guerra C
Burke N.J,Barker J.C
Burke N.J,Pasick R.J.
Bird J.A,Clark M.A
Bird J.A,Rakowski W
Bird J.A,Guerra C
Bird J.A,Barker J.C
Bird J.A,Pasick R.J.
Clark M.A,Rakowski W
Clark M.A,Guerra C
Clark M.A,Barker J.C
Clark M.A,Pasick R.J.
Rakowski W,Guerra C
Rakowski W,Barker J.C
Rakowski W,Pasick R.J.
Guerra C,Barker J.C
Guerra C,Pasick R.J.
Barker J.C,Pasick R.J.
Pinheiro D.L,Dowd T.J.
Pasick R.J,Burke N.J
Pasick R.J,Barker J.C
Pasick R.J,Joseph G
Pasick R.J,Bird J.A
Pasick R.J,Otero-Sabogal R
Pasick R.J,Tuason N
Pasick R.J,Stewart S.L
Pasick R.J,Rakowski W
Pasick R.J,Clark M.A
Pasick R.J,Washington P.K
Pasick R.J,Guerra C.
Burke N.J,Barker J.C
Burke N.J,Joseph G
Burke N.J,Bird J.A
Burke N.J,Otero-Sabogal R
Burke N.J,Tuason N
Burke N.J,Stewart S.L
Burke N.J,Rakowski W
Burke N.J,Clark M.A
Burke N.J,Washington P.K
Burke N.J,Guerra C.
Barker J.C,Joseph G
Barker J.C,Bird J.A
Barker J.C,Otero-Sabogal R
Barker J.C,Tuason N
Barker J.C,Stewart S.L
Barker J.C,Rakowski W
Barker J.C,Clark M.A
Barker J.C,Washington P.K
Barker J.C,Guerra C.
Joseph G,Bird J.A
Joseph G,Otero-Sabogal R
Joseph G,Tuason N
Joseph G,Stewart S.L
Joseph G,Rakowski W
Joseph G,Clark M.A
Joseph G,Washington P.K
Joseph G,Guerra C.
Bird J.A,Otero-Sabogal R
Bird J.A,Tuason N
Bird J.A,Stewart S.L
Bird J.A,Rakowski W
Bird J.A,Clark M.A
Bird J.A,Washington P.K
Bird J.A,Guerra C.
Otero-Sabogal R,Tuason N
Otero-Sabogal R,Stewart S.L
Otero-Sabogal R,Rakowski W
Otero-Sabogal R,Clark M.A
Otero-Sabogal R,Washington P.K
Otero-Sabogal R,Guerra C.
Tuason N,Stewart S.L
Tuason N,Rakowski W
Tuason N,Clark M.A
Tuason N,Washington P.K
Tuason N,Guerra C.
Stewart S.L,Rakowski W
Stewart S.L,Clark M.A
Stewart S.L,Washington P.K
Stewart S.L,Guerra C.
Rakowski W,Clark M.A
Rakowski W,Washington P.K
Rakowski W,Guerra C.
Clark M.A,Washington P.K
Clark M.A,Guerra C.
Washington P.K,Guerra C.
Zolfaghari A,Sabran M.S
Zolfaghari A,Singh S
Zolfaghari A,Ahmad N.
Sabran M.S,Singh S
Sabran M.S,Ahmad N.
Singh S,Ahmad N.
Zhang M,Zheng W
Zhang M,Wei J.
Zheng W,Wei J.
Pastoriza D,Ariño M.A
Pastoriza D,Ricart J.E.
Ariño M.A,Ricart J.E.
Fujisawa Y,Hamano T
Fujisawa Y,Takegawa S.
Hamano T,Takegawa S.
Ichida Y,Kondo K
Ichida Y,Hirai H
Ichida Y,Hanibuchi T
Ichida Y,Yoshikawa G
Ichida Y,Murata C.
Kondo K,Hirai H
Kondo K,Hanibuchi T
Kondo K,Yoshikawa G
Kondo K,Murata C.
Hirai H,Hanibuchi T
Hirai H,Yoshikawa G
Hirai H,Murata C.
Hanibuchi T,Yoshikawa G
Hanibuchi T,Murata C.
Yoshikawa G,Murata C.
Oshio T,Kobayashi M.
Nakhaie R,Lin X
Nakhaie R,Guan J.
Lin X,Guan J.
Anthias F,Cederberg M.
Schultz J,Corman H
Schultz J,Noonan K
Schultz J,Reichman N.E.
Corman H,Noonan K
Corman H,Reichman N.E.
Noonan K,Reichman N.E.
Townley B,Beech N
Townley B,McKinlay A.
Beech N,McKinlay A.
Johnson M.A,Marchi K.S.
McLeod C,ODonohoe S
McLeod C,Townley B.
ODonohoe S,Townley B.
Snelgrove J.W,Pikhart H
Snelgrove J.W,Stafford M.
Pikhart H,Stafford M.
Ganley D,Lampe C.
Pfeil U,Arjan R
Pfeil U,Zaphiris P.
Arjan R,Zaphiris P.
Wilson D.S,OBrien D.T
Wilson D.S,Sesma A.
OBrien D.T,Sesma A.
Scheitle C.P,Adamczyk A.
Brune N.E,Bossert T.
Wampler B,Chávez M
Wampler B,Pedraza F.I.
Chávez M,Pedraza F.I.
Pulkkinen L,Lyyra A.-L
Pulkkinen L,Kokko K.
Lyyra A.-L,Kokko K.
Hogerbrugge M.J.A,Dykstra P.A.
Lindstrom M,Mohseni M.
Scholten P,Holzhacker R.
Dolfsma W,van der Eijk R
Dolfsma W,Jolink A.
van der Eijk R,Jolink A.
Neira I,Vázquez E
Neira I,Portela M.
Vázquez E,Portela M.
Wang H,Schlesinger M
Wang H,Wang H
Wang H,Hsiao W.C.
Schlesinger M,Wang H
Schlesinger M,Hsiao W.C.
Wang H,Hsiao W.C.
Flavin P,Radcliff B.
Delaney L,Doyle O
Delaney L,McKenzie K
Delaney L,Wall P.
Doyle O,McKenzie K
Doyle O,Wall P.
McKenzie K,Wall P.
Panitsidou E,Papastamatis A.
Kim S,Kim H.
Gash H,Rodríguez P.D.
Irwin J,LaGory M
Irwin J,Ritchey F
Irwin J,Fitzpatrick K.
LaGory M,Ritchey F
LaGory M,Fitzpatrick K.
Ritchey F,Fitzpatrick K.
Langston T.W,Barrett M.S.
Daly M,Silver H.
Karner C,Parker D.
Sirven N,Debrand T.
Feeney M.K,Bozeman B.
Donner W,Rodríguez H.
Farid M,Lazarus H.
Kinghorn N,Willis K.
Pronyk P.M,Harpham T
Pronyk P.M,Busza J
Pronyk P.M,Phetla G
Pronyk P.M,Morison L.A
Pronyk P.M,Hargreaves J.R
Pronyk P.M,Kim J.C
Pronyk P.M,Watts C.H
Pronyk P.M,Porter J.D.
Harpham T,Busza J
Harpham T,Phetla G
Harpham T,Morison L.A
Harpham T,Hargreaves J.R
Harpham T,Kim J.C
Harpham T,Watts C.H
Harpham T,Porter J.D.
Busza J,Phetla G
Busza J,Morison L.A
Busza J,Hargreaves J.R
Busza J,Kim J.C
Busza J,Watts C.H
Busza J,Porter J.D.
Phetla G,Morison L.A
Phetla G,Hargreaves J.R
Phetla G,Kim J.C
Phetla G,Watts C.H
Phetla G,Porter J.D.
Morison L.A,Hargreaves J.R
Morison L.A,Kim J.C
Morison L.A,Watts C.H
Morison L.A,Porter J.D.
Hargreaves J.R,Kim J.C
Hargreaves J.R,Watts C.H
Hargreaves J.R,Porter J.D.
Kim J.C,Watts C.H
Kim J.C,Porter J.D.
Watts C.H,Porter J.D.
Zmerli S,Newton K.
Mohseni M,Lindstrom M.
Radcliffe P,Stevens A.
Avram D.O,Kühne S.
Agadjanian V,Nedoluzhko L
Agadjanian V,Kumskov G.
Nedoluzhko L,Kumskov G.
Beyerlein K,Andrews K.T.
Schultz J,OBrien A.M
Schultz J,Tadesse B.
OBrien A.M,Tadesse B.
Paek H.-J,Lee B
Paek H.-J,Salmon C.T
Paek H.-J,Witte K.
Lee B,Salmon C.T
Lee B,Witte K.
Salmon C.T,Witte K.
Yang L.H,Kleinman A.
ONeil D.A,Hopkins M.M
ONeil D.A,Bilimoria D.
Hopkins M.M,Bilimoria D.
Engström K,Mattsson F
Engström K,Järleborg A
Engström K,Hallqvist J.
Mattsson F,Järleborg A
Mattsson F,Hallqvist J.
Järleborg A,Hallqvist J.
Nannestad P,Svendsen G.L.H
Nannestad P,Svendsen G.T.
Svendsen G.L.H,Svendsen G.T.
Pronyk P.M,Harpham T
Pronyk P.M,Morison L.A
Pronyk P.M,Hargreaves J.R
Pronyk P.M,Kim J.C
Pronyk P.M,Phetla G
Pronyk P.M,Watts C.H
Pronyk P.M,Porter J.D.
Harpham T,Morison L.A
Harpham T,Hargreaves J.R
Harpham T,Kim J.C
Harpham T,Phetla G
Harpham T,Watts C.H
Harpham T,Porter J.D.
Morison L.A,Hargreaves J.R
Morison L.A,Kim J.C
Morison L.A,Phetla G
Morison L.A,Watts C.H
Morison L.A,Porter J.D.
Hargreaves J.R,Kim J.C
Hargreaves J.R,Phetla G
Hargreaves J.R,Watts C.H
Hargreaves J.R,Porter J.D.
Kim J.C,Phetla G
Kim J.C,Watts C.H
Kim J.C,Porter J.D.
Phetla G,Watts C.H
Phetla G,Porter J.D.
Watts C.H,Porter J.D.
Fiori K.L,Consedine N.S
Fiori K.L,Magai C.
Consedine N.S,Magai C.
Myer L,Stein D.J
Myer L,Grimsrud A
Myer L,Seedat S
Myer L,Williams D.R.
Stein D.J,Grimsrud A
Stein D.J,Seedat S
Stein D.J,Williams D.R.
Grimsrud A,Seedat S
Grimsrud A,Williams D.R.
Seedat S,Williams D.R.
Scheffler R.M,Brown T.T
Scheffler R.M,Syme L
Scheffler R.M,Kawachi I
Scheffler R.M,Tolstykh I
Scheffler R.M,Iribarren C.
Brown T.T,Syme L
Brown T.T,Kawachi I
Brown T.T,Tolstykh I
Brown T.T,Iribarren C.
Syme L,Kawachi I
Syme L,Tolstykh I
Syme L,Iribarren C.
Kawachi I,Tolstykh I
Kawachi I,Iribarren C.
Tolstykh I,Iribarren C.
Pastoriza D,Ariño M.A
Pastoriza D,Ricart J.E.
Ariño M.A,Ricart J.E.
Chipkin I,Ngqulunga B.
Oksanen T,Kouvonen A
Oksanen T,Kivimäki M
Oksanen T,Pentti J
Oksanen T,Virtanen M
Oksanen T,Linna A
Oksanen T,Vahtera J.
Kouvonen A,Kivimäki M
Kouvonen A,Pentti J
Kouvonen A,Virtanen M
Kouvonen A,Linna A
Kouvonen A,Vahtera J.
Kivimäki M,Pentti J
Kivimäki M,Virtanen M
Kivimäki M,Linna A
Kivimäki M,Vahtera J.
Pentti J,Virtanen M
Pentti J,Linna A
Pentti J,Vahtera J.
Virtanen M,Linna A
Virtanen M,Vahtera J.
Linna A,Vahtera J.
Baron-Epel O,Weinstein R
Baron-Epel O,Haviv-Mesika A
Baron-Epel O,Garty-Sandalon N
Baron-Epel O,Green M.S.
Weinstein R,Haviv-Mesika A
Weinstein R,Garty-Sandalon N
Weinstein R,Green M.S.
Haviv-Mesika A,Garty-Sandalon N
Haviv-Mesika A,Green M.S.
Garty-Sandalon N,Green M.S.
Nieminen T,Martelin T
Nieminen T,Koskinen S
Nieminen T,Simpura J
Nieminen T,Alanen E
Nieminen T,Härkänen T
Nieminen T,Aromaa A.
Martelin T,Koskinen S
Martelin T,Simpura J
Martelin T,Alanen E
Martelin T,Härkänen T
Martelin T,Aromaa A.
Koskinen S,Simpura J
Koskinen S,Alanen E
Koskinen S,Härkänen T
Koskinen S,Aromaa A.
Simpura J,Alanen E
Simpura J,Härkänen T
Simpura J,Aromaa A.
Alanen E,Härkänen T
Alanen E,Aromaa A.
Härkänen T,Aromaa A.
Reeskens T,Hooghe M.
Blasius J,Friedrichs J.
Landman A,Cortese D.K
Landman A,Glantz S.
Cortese D.K,Glantz S.
Tokuda Y,Inoguchi T.
Merrett D,Morgan S
Merrett D,Ville S.
Morgan S,Ville S.
Pearson R,Richardson D.
Hansen B,Hansen M.E.
Mansyur C,Amick B.C
Mansyur C,Harrist R.B
Mansyur C,Franzini L.
Amick B.C,Harrist R.B
Amick B.C,Franzini L.
Harrist R.B,Franzini L.
Ojala J,Luoma-aho V.
Lewandowski J,Streich G.
Nakhaie M.R,Smylie L.K
Nakhaie M.R,Arnold R.
Smylie L.K,Arnold R.
Godoy R,Reyes-García V
Godoy R,Huanca T
Godoy R,Leonard W.R
Godoy R,Olvera R.G
Godoy R,Bauchet J
Godoy R,Ma Z
Godoy R,St
Godoy R,John J
Godoy R,Miodowski M
Godoy R,Rios O.Z
Godoy R,Vadez V
Godoy R,Seyfreid C.
Reyes-García V,Huanca T
Reyes-García V,Leonard W.R
Reyes-García V,Olvera R.G
Reyes-García V,Bauchet J
Reyes-García V,Ma Z
Reyes-García V,St
Reyes-García V,John J
Reyes-García V,Miodowski M
Reyes-García V,Rios O.Z
Reyes-García V,Vadez V
Reyes-García V,Seyfreid C.
Huanca T,Leonard W.R
Huanca T,Olvera R.G
Huanca T,Bauchet J
Huanca T,Ma Z
Huanca T,St
Huanca T,John J
Huanca T,Miodowski M
Huanca T,Rios O.Z
Huanca T,Vadez V
Huanca T,Seyfreid C.
Leonard W.R,Olvera R.G
Leonard W.R,Bauchet J
Leonard W.R,Ma Z
Leonard W.R,St
Leonard W.R,John J
Leonard W.R,Miodowski M
Leonard W.R,Rios O.Z
Leonard W.R,Vadez V
Leonard W.R,Seyfreid C.
Olvera R.G,Bauchet J
Olvera R.G,Ma Z
Olvera R.G,St
Olvera R.G,John J
Olvera R.G,Miodowski M
Olvera R.G,Rios O.Z
Olvera R.G,Vadez V
Olvera R.G,Seyfreid C.
Bauchet J,Ma Z
Bauchet J,St
Bauchet J,John J
Bauchet J,Miodowski M
Bauchet J,Rios O.Z
Bauchet J,Vadez V
Bauchet J,Seyfreid C.
Ma Z,St
Ma Z,John J
Ma Z,Miodowski M
Ma Z,Rios O.Z
Ma Z,Vadez V
Ma Z,Seyfreid C.
St,John J
St,Miodowski M
St,Rios O.Z
St,Vadez V
St,Seyfreid C.
John J,Miodowski M
John J,Rios O.Z
John J,Vadez V
John J,Seyfreid C.
Miodowski M,Rios O.Z
Miodowski M,Vadez V
Miodowski M,Seyfreid C.
Rios O.Z,Vadez V
Rios O.Z,Seyfreid C.
Vadez V,Seyfreid C.
Hepworth C,Stitt S.
Glassman M,Kang M.J.
Emerson E,Hatton C.
Hawkins R.L,Abrams C.
van Londen M,Phalet K
van Londen M,Hagendoorn L.
Phalet K,Hagendoorn L.
Chiu L.F,West R.M.
Wilkinson R.G,Pickett K.E.
de Souza E.M,Grundy E.
Presser S,Chaves M.
Wood C.H,Williams P
Wood C.H,Chijiwa K.
Williams P,Chijiwa K.
Glendinning A,West P.
Walker R.B,Hiller J.E.
Dennison T.K,Ogilvie S.
Scheffler R.M,Brown T.T
Scheffler R.M,Rice J.K.
Brown T.T,Rice J.K.
Webber M.P,Huxley P.J.
Grassman E.J,Whitaker A.
Marsiglio W,Hinojosa R.
Elchardus M,Siongers J.
Semaan S,Sternberg M
Semaan S,Zaidi A
Semaan S,Aral S.O.
Sternberg M,Zaidi A
Sternberg M,Aral S.O.
Zaidi A,Aral S.O.
Delattre E,Sabatier M.
Narotzky S,Blim M
Narotzky S,Fleischer F
Narotzky S,Ghezzi S
Narotzky S,Gledhill J
Narotzky S,Green S
Narotzky S,Kalb D
Narotzky S,Krupa C
Narotzky S,Nonini D.M
Narotzky S,Smart A.
Blim M,Fleischer F
Blim M,Ghezzi S
Blim M,Gledhill J
Blim M,Green S
Blim M,Kalb D
Blim M,Krupa C
Blim M,Nonini D.M
Blim M,Smart A.
Fleischer F,Ghezzi S
Fleischer F,Gledhill J
Fleischer F,Green S
Fleischer F,Kalb D
Fleischer F,Krupa C
Fleischer F,Nonini D.M
Fleischer F,Smart A.
Ghezzi S,Gledhill J
Ghezzi S,Green S
Ghezzi S,Kalb D
Ghezzi S,Krupa C
Ghezzi S,Nonini D.M
Ghezzi S,Smart A.
Gledhill J,Green S
Gledhill J,Kalb D
Gledhill J,Krupa C
Gledhill J,Nonini D.M
Gledhill J,Smart A.
Green S,Kalb D
Green S,Krupa C
Green S,Nonini D.M
Green S,Smart A.
Kalb D,Krupa C
Kalb D,Nonini D.M
Kalb D,Smart A.
Krupa C,Nonini D.M
Krupa C,Smart A.
Nonini D.M,Smart A.
Lee K.-C,Han S.K.
Cho J,McLeod D.M.
Kondo N,Minai J
Kondo N,Imai H
Kondo N,Yamagata Z.
Minai J,Imai H
Minai J,Yamagata Z.
Imai H,Yamagata Z.
Ecklund E.H,Park J.Z.
Bowling A,Stafford M.
Mohseni M,Lindstrom M.
Randel A.E,Ranft A.L.
Olsen K.M,Dahl S.-Å.
Ellaway A,Macintyre S.
Offer S,Schneider B.
Bras H,Neven M.
Zhixing X,Tsui A.S.
Procopio C.H,Procopio S.T.
Antcliff V,Saundry R
Antcliff V,Stuart M.
Saundry R,Stuart M.
Poletti T,Balabanova D
Poletti T,Ghazaryan O
Poletti T,Kocharyan H
Poletti T,Hakobyan M
Poletti T,Arakelyan K
Poletti T,Normand C.
Balabanova D,Ghazaryan O
Balabanova D,Kocharyan H
Balabanova D,Hakobyan M
Balabanova D,Arakelyan K
Balabanova D,Normand C.
Ghazaryan O,Kocharyan H
Ghazaryan O,Hakobyan M
Ghazaryan O,Arakelyan K
Ghazaryan O,Normand C.
Kocharyan H,Hakobyan M
Kocharyan H,Arakelyan K
Kocharyan H,Normand C.
Hakobyan M,Arakelyan K
Hakobyan M,Normand C.
Arakelyan K,Normand C.
De Silva M.J,Huttly S.R
De Silva M.J,Harpham T
De Silva M.J,Kenward M.G.
Huttly S.R,Harpham T
Huttly S.R,Kenward M.G.
Harpham T,Kenward M.G.
Yip W,Subramanian S.V
Yip W,Mitchell A.D
Yip W,Lee D.T.S
Yip W,Wang J
Yip W,Kawachi I.
Subramanian S.V,Mitchell A.D
Subramanian S.V,Lee D.T.S
Subramanian S.V,Wang J
Subramanian S.V,Kawachi I.
Mitchell A.D,Lee D.T.S
Mitchell A.D,Wang J
Mitchell A.D,Kawachi I.
Lee D.T.S,Wang J
Lee D.T.S,Kawachi I.
Wang J,Kawachi I.
Mitchell A.D,Bossert T.J.
Godoy R,Reyes-Garcia V
Godoy R,Huanca T
Godoy R,Leonard W.R
Godoy R,McDade T
Godoy R,Tanner S
Godoy R,Seyfried C.
Reyes-Garcia V,Huanca T
Reyes-Garcia V,Leonard W.R
Reyes-Garcia V,McDade T
Reyes-Garcia V,Tanner S
Reyes-Garcia V,Seyfried C.
Huanca T,Leonard W.R
Huanca T,McDade T
Huanca T,Tanner S
Huanca T,Seyfried C.
Leonard W.R,McDade T
Leonard W.R,Tanner S
Leonard W.R,Seyfried C.
McDade T,Tanner S
McDade T,Seyfried C.
Tanner S,Seyfried C.
Abdallah K,Koskinen K.
Li G,Christ T.
Law A,Mooney G.
Law A,Mooney G.
Siahpush M,Borland R
Siahpush M,Taylor J
Siahpush M,Singh G.K
Siahpush M,Ansari Z
Siahpush M,Serraglio A.
Borland R,Taylor J
Borland R,Singh G.K
Borland R,Ansari Z
Borland R,Serraglio A.
Taylor J,Singh G.K
Taylor J,Ansari Z
Taylor J,Serraglio A.
Singh G.K,Ansari Z
Singh G.K,Serraglio A.
Ansari Z,Serraglio A.
Chiu C.-M,Hsu M.-H
Chiu C.-M,Wang E.T.G.
Hsu M.-H,Wang E.T.G.
Leat D,Lofthouse R
Leat D,Taverner S.
Lofthouse R,Taverner S.
Zhu Y,Nel P
Zhu Y,Bhat R.
Nel P,Bhat R.
Williams D,Ducheneaut N
Williams D,Xiong L
Williams D,Zhang Y
Williams D,Yee N
Williams D,Nickell E.
Ducheneaut N,Xiong L
Ducheneaut N,Zhang Y
Ducheneaut N,Yee N
Ducheneaut N,Nickell E.
Xiong L,Zhang Y
Xiong L,Yee N
Xiong L,Nickell E.
Zhang Y,Yee N
Zhang Y,Nickell E.
Yee N,Nickell E.
Costa D.L,Kahn M.E.
Nugent P.D,Abolafia M.Y.
Remedios R,Allan J.
Phongsavan P,Chey T
Phongsavan P,Bauman A
Phongsavan P,Brooks R
Phongsavan P,Silove D.
Chey T,Bauman A
Chey T,Brooks R
Chey T,Silove D.
Bauman A,Brooks R
Bauman A,Silove D.
Brooks R,Silove D.
Philipov D,Spéder Z
Philipov D,Billari F.C.
Spéder Z,Billari F.C.
Edgeworth R,Collins A.E.
Rodríguez V,Egea C.
Willem A,Scarbrough H.
Ali S.M,Merlo J
Ali S.M,Rosvall M
Ali S.M,Lithman T
Ali S.M,Lindström M.
Merlo J,Rosvall M
Merlo J,Lithman T
Merlo J,Lindström M.
Rosvall M,Lithman T
Rosvall M,Lindström M.
Lithman T,Lindström M.
McDonald S,Elder Jr
McDonald S,G.H.
Elder Jr,G.H.
Khawaja M,Abdulrahim S
Khawaja M,Soweid R.A.Afifi
Khawaja M,Karam D.
Abdulrahim S,Soweid R.A.Afifi
Abdulrahim S,Karam D.
Soweid R.A.Afifi,Karam D.
Kim D,Subramanian S.V
Kim D,Gortmaker S.L
Kim D,Kawachi I.
Subramanian S.V,Gortmaker S.L
Subramanian S.V,Kawachi I.
Gortmaker S.L,Kawachi I.
Worthington I,Ram M
Worthington I,Jones T.
Ram M,Jones T.
McNeill L.H,Kreuter M.W
McNeill L.H,Subramanian S.V.
Kreuter M.W,Subramanian S.V.
Griswold M.T,Nichols M.W.
Godoy R.A,Reyes-García V
Godoy R.A,McDade T
Godoy R.A,Huanca T
Godoy R.A,Leonard W.R
Godoy R.A,Tanner S
Godoy R.A,Vadez V.
Reyes-García V,McDade T
Reyes-García V,Huanca T
Reyes-García V,Leonard W.R
Reyes-García V,Tanner S
Reyes-García V,Vadez V.
McDade T,Huanca T
McDade T,Leonard W.R
McDade T,Tanner S
McDade T,Vadez V.
Huanca T,Leonard W.R
Huanca T,Tanner S
Huanca T,Vadez V.
Leonard W.R,Tanner S
Leonard W.R,Vadez V.
Tanner S,Vadez V.
Parker D,Song M.
Maurer I,Ebers M.
Rojas Y,Carlson P.
Araya R,Dunstan F
Araya R,Playle R
Araya R,Thomas H
Araya R,Palmer S
Araya R,Lewis G.
Dunstan F,Playle R
Dunstan F,Thomas H
Dunstan F,Palmer S
Dunstan F,Lewis G.
Playle R,Thomas H
Playle R,Palmer S
Playle R,Lewis G.
Thomas H,Palmer S
Thomas H,Lewis G.
Palmer S,Lewis G.
Pasek J,Kenski K
Pasek J,Romer D
Pasek J,Jamieson K.H.
Kenski K,Romer D
Kenski K,Jamieson K.H.
Romer D,Jamieson K.H.
Berggren N,Jordahl H.
Wright D.R,Fitzpatrick K.M.
Myant M,Smith S.
Flanagin A.J,Stohl C
Flanagin A.J,Bimber B.
Stohl C,Bimber B.
Sundquist J,Johansson S.-E
Sundquist J,Yang M
Sundquist J,Sundquist K.
Johansson S.-E,Yang M
Johansson S.-E,Sundquist K.
Yang M,Sundquist K.
De Silva M.J,Harpham T
De Silva M.J,Tuan T
De Silva M.J,Bartolini R
De Silva M.J,Penny M.E
De Silva M.J,Huttly S.R.
Harpham T,Tuan T
Harpham T,Bartolini R
Harpham T,Penny M.E
Harpham T,Huttly S.R.
Tuan T,Bartolini R
Tuan T,Penny M.E
Tuan T,Huttly S.R.
Bartolini R,Penny M.E
Bartolini R,Huttly S.R.
Penny M.E,Huttly S.R.
Philips B.T,Fishman S.B.
Galaskiewicz J,Bielefeld W
Galaskiewicz J,Dowell M.
Bielefeld W,Dowell M.
Liu X,Shaffer M.A.
Beyerlein K,Hipp J.R.
De Wever S,Martens R
De Wever S,Vandenbempt K.
Martens R,Vandenbempt K.
Nissen B,Jarley P.
Kim D.H,Schneider B.
Cho H,Lee J.-S
Cho H,Stefanone M
Cho H,Gay G.
Lee J.-S,Stefanone M
Lee J.-S,Gay G.
Stefanone M,Gay G.
Karri R,Caldwell C
Karri R,Antonacopoulou E.P
Karri R,Naegle D.C.
Caldwell C,Antonacopoulou E.P
Caldwell C,Naegle D.C.
Antonacopoulou E.P,Naegle D.C.
Inclán C,Hijar M
Inclán C,Tovar V.
Hijar M,Tovar V.
Godoy R,Byron E
Godoy R,Reyes-García V
Godoy R,Vadez V
Godoy R,Leonard W.R
Godoy R,Apaza L
Godoy R,Huanca T
Godoy R,Pérez E
Godoy R,Wilkie D.
Byron E,Reyes-García V
Byron E,Vadez V
Byron E,Leonard W.R
Byron E,Apaza L
Byron E,Huanca T
Byron E,Pérez E
Byron E,Wilkie D.
Reyes-García V,Vadez V
Reyes-García V,Leonard W.R
Reyes-García V,Apaza L
Reyes-García V,Huanca T
Reyes-García V,Pérez E
Reyes-García V,Wilkie D.
Vadez V,Leonard W.R
Vadez V,Apaza L
Vadez V,Huanca T
Vadez V,Pérez E
Vadez V,Wilkie D.
Leonard W.R,Apaza L
Leonard W.R,Huanca T
Leonard W.R,Pérez E
Leonard W.R,Wilkie D.
Apaza L,Huanca T
Apaza L,Pérez E
Apaza L,Wilkie D.
Huanca T,Pérez E
Huanca T,Wilkie D.
Pérez E,Wilkie D.
Franzini L,Caughy M
Franzini L,Spears W
Franzini L,Fernandez Esquer M.E.
Caughy M,Spears W
Caughy M,Fernandez Esquer M.E.
Spears W,Fernandez Esquer M.E.
Wen M,Cagney K.A
Wen M,Christakis N.A.
Cagney K.A,Christakis N.A.
Warburton J,McLaughlin D.
Hallberg P,Lund J.
Cassidy H,Watts V.
Fitzpatrick K.M,Wright D.R
Fitzpatrick K.M,Piko B.F
Fitzpatrick K.M,LaGory M.
Wright D.R,Piko B.F
Wright D.R,LaGory M.
Piko B.F,LaGory M.
Marcelli E.A,Lowell B.L.
Gruber J,Caffrey M.
Locher J.L,Ritchie C.S
Locher J.L,Roth D.L
Locher J.L,Baker P.S
Locher J.L,Bodner E.V
Locher J.L,Allman R.M.
Ritchie C.S,Roth D.L
Ritchie C.S,Baker P.S
Ritchie C.S,Bodner E.V
Ritchie C.S,Allman R.M.
Roth D.L,Baker P.S
Roth D.L,Bodner E.V
Roth D.L,Allman R.M.
Baker P.S,Bodner E.V
Baker P.S,Allman R.M.
Bodner E.V,Allman R.M.
Green M.C,Brock T.C.
Ziersch A.M,Baum F.E
Ziersch A.M,MacDougall C
Ziersch A.M,Putland C.
Baum F.E,MacDougall C
Baum F.E,Putland C.
MacDougall C,Putland C.
Johnson C.A,Duff W.M.
Drukker M,Buka S.L
Drukker M,Kaplan C
Drukker M,McKenzie K
Drukker M,Van Os J.
Buka S.L,Kaplan C
Buka S.L,McKenzie K
Buka S.L,Van Os J.
Kaplan C,McKenzie K
Kaplan C,Van Os J.
McKenzie K,Van Os J.
Lorant V,Kunst A.E
Lorant V,Huisman M
Lorant V,Bopp M
Lorant V,Mackenbach J.
Kunst A.E,Huisman M
Kunst A.E,Bopp M
Kunst A.E,Mackenbach J.
Huisman M,Bopp M
Huisman M,Mackenbach J.
Bopp M,Mackenbach J.
Stafford M,Cummins S
Stafford M,Macintyre S
Stafford M,Ellaway A
Stafford M,Marmot M.
Cummins S,Macintyre S
Cummins S,Ellaway A
Cummins S,Marmot M.
Macintyre S,Ellaway A
Macintyre S,Marmot M.
Ellaway A,Marmot M.
Galea S,Ahern J
Galea S,Karpati A.
Ahern J,Karpati A.
Tempest S,McKinlay A
Tempest S,Starkey K.
McKinlay A,Starkey K.
Chenoweth L,Stehlik D.
Liukkonen V,Virtanen P
Liukkonen V,Kivimäki M
Liukkonen V,Pentti J
Liukkonen V,Vahtera J.
Virtanen P,Kivimäki M
Virtanen P,Pentti J
Virtanen P,Vahtera J.
Kivimäki M,Pentti J
Kivimäki M,Vahtera J.
Pentti J,Vahtera J.
Warren D.E,Dunfee T.W
Warren D.E,Li N.
Dunfee T.W,Li N.
Greiner K.A,Li C
Greiner K.A,Kawachi I
Greiner K.A,Hunt D.C
Greiner K.A,Ahluwalia J.S.
Li C,Kawachi I
Li C,Hunt D.C
Li C,Ahluwalia J.S.
Kawachi I,Hunt D.C
Kawachi I,Ahluwalia J.S.
Hunt D.C,Ahluwalia J.S.
Bowling A,Gabriel Z.
OBrien M.S,Burdsal C.A
OBrien M.S,Molgaard C.A.
Burdsal C.A,Molgaard C.A.
Altschuler A,Somkin C.P
Altschuler A,Adler N.E.
Somkin C.P,Adler N.E.
Harpham T,Grant E
Harpham T,Rodriguez C.
Grant E,Rodriguez C.
Berger M,Galonska C
Berger M,Koopmans R.
Galonska C,Koopmans R.
Jacobs D,Phalet K
Jacobs D,Swyngedouw M.
Phalet K,Swyngedouw M.
Kaufman J,Weintraub D.
McMichael C,Manderson L.
Barnes H,Parry J.
Sundquist K,Lindström M
Sundquist K,Malmström M
Sundquist K,Johansson S.-E
Sundquist K,Sundquist J.
Lindström M,Malmström M
Lindström M,Johansson S.-E
Lindström M,Sundquist J.
Malmström M,Johansson S.-E
Malmström M,Sundquist J.
Johansson S.-E,Sundquist J.
Hackenberg R.A,Hackeberg B.H.
Farmakopoulou N,Watson N.
Spence L.J,Schmidpeter R
Spence L.J,Habisch A.
Schmidpeter R,Habisch A.
Drukker M,Kaplan C
Drukker M,Feron F
Drukker M,Van Os J.
Kaplan C,Feron F
Kaplan C,Van Os J.
Feron F,Van Os J.
Wen M,Browning C.R
Wen M,Cagney K.A.
Browning C.R,Cagney K.A.
Pouloudi A,Ziouvelou X
Pouloudi A,Vassilopoulou K.
Ziouvelou X,Vassilopoulou K.
Caughy M.O,OCampo P.J
Caughy M.O,Muntaner C.
OCampo P.J,Muntaner C.
Bolin K,Lindgren B
Bolin K,Lindström M
Bolin K,Nystedt P.
Lindgren B,Lindström M
Lindgren B,Nystedt P.
Lindström M,Nystedt P.
Kennelly B,OShea E
Kennelly B,Garvey E.
OShea E,Garvey E.
Lochner K.A,Kawachi I
Lochner K.A,Brennan R.T
Lochner K.A,Buka S.L.
Kawachi I,Brennan R.T
Kawachi I,Buka S.L.
Brennan R.T,Buka S.L.
Valentine S,Fleischman G.
Lindström M,Merlo J
Lindström M,Östergren P.-O.
Merlo J,Östergren P.-O.
Kang N,Kwak N.
McLean C.A,Campbell C.M.
Costa D.L,Kahn M.E.
Aguilera M.B,Massey D.S.
Hean S,Cowley S
Hean S,Forbes A
Hean S,Griffiths P
Hean S,Maben J.
Cowley S,Forbes A
Cowley S,Griffiths P
Cowley S,Maben J.
Forbes A,Griffiths P
Forbes A,Maben J.
Griffiths P,Maben J.
Ahern M.M,Hendryx M.S.
Brown R.K,Brown R.E.
Franzini L,Spears W.
Gérard É,Schlemmer B.
Dribe M,Nystedt P.
Reagans R,McEvily B.
Galea S,Karpati A
Galea S,Kennedy B.
Karpati A,Kennedy B.
Soskolne V,Shtarkshall R.A.
Campbell C,McLean C.
Dowley K.M,Silver B.D.
Neuwirth K,Frederick E
Neuwirth K,Mayo C.
Frederick E,Mayo C.
Lindström M,Merlo J
Lindström M,Östergren P.-O.
Merlo J,Östergren P.-O.
Caulkins D.D,Peters C.
Whittaker A,Banwell C.
Dubinsky L,Garrett-Petts W.F.
Crystal D.S,DeBell M.
Gilbert L,Walker L.
Sanders J,Nee V
Sanders J,Sernau S.
Nee V,Sernau S.
Rosenfeld R,Messner S.F
Rosenfeld R,Baumer E.P.
Messner S.F,Baumer E.P.
Forbes A,Wainwright S.P.
Parcel T.L,Dufur M.J.
Metz I,Tharenou P.
Subramanian S.V,Kawachi I
Subramanian S.V,Kennedy B.P.
Kawachi I,Kennedy B.P.
Ciscel D.H,Heath J.A.
Lindström M,Hanson B.S
Lindström M,Östergren P.-O.
Hanson B.S,Östergren P.-O.
Becker P.E,Dhingra P.H.
Shah D.V,McLeod J.M
Shah D.V,Yoon S.-H.
McLeod J.M,Yoon S.-H.
Portes A,Landolt P.
Bruni L,Sugden R.
Scheufele D.A,Shah D.V.
Renzulli L.A,Aldrich H
Renzulli L.A,Moody J.
Aldrich H,Moody J.
Gurak D.T,Kritz M.M.
Thomas J.C,Thomas K.K.
Kawachi I,Kennedy B.P
Kawachi I,Wilkinson R.G.
Kennedy B.P,Wilkinson R.G.
Gutmann M.P,Pullum S.M.
Chatterjee I,Guha S.
McNeal Jr,R.B.
Portes A,MacLeod D.
Fennema M,Tillie J.
Widner J,Mundt A.
Rahn W.M,Transue J.E.
Mondak J.J,Gearing A.F.
Kennedy B.P,Kawachi I
Kennedy B.P,Prothrow-Stith D
Kennedy B.P,Lochner K
Kennedy B.P,Gupta V.
Kawachi I,Prothrow-Stith D
Kawachi I,Lochner K
Kawachi I,Gupta V.
Prothrow-Stith D,Lochner K
Prothrow-Stith D,Gupta V.
Lochner K,Gupta V.
La Due Lake R,Huckfeldt R.
Green M.C,Brock T.C.
Büchel F,Duncan G.J.
Singer A,Massey D.S.
King G.J,Barnowe J.T.
Kloosterman R,Van der Leun J
Kloosterman R,Rath J.
Van der Leun J,Rath J.
Huber L,Steinhauf A.
Teachman J.D,Paasch K
Teachman J.D,Carver K.
Paasch K,Carver K.
Chung L.H,Gibbons P.T.
Bianchi S.M,Robinson J.
Teachman J.D,Paasch K
Teachman J.D,Carver K.
Paasch K,Carver K.
Arribas T.L,Geschwender L.E.
Tijhuis M.A.R,Flap H.D
Tijhuis M.A.R,Foets M
Tijhuis M.A.R,Groenewegen P.P.
Flap H.D,Foets M
Flap H.D,Groenewegen P.P.
Foets M,Groenewegen P.P.
Majewski J,Baer C
Majewski J,Klein D.B.
Baer C,Klein D.B.
Marsden P.V,Hurlbert J.S.
